Question,Answer
—á—Ç–æ —Ç—ã —Ö–æ—á–µ—à—å,"—è —Ö–æ—á—É –∑–∞—Ö–≤–∞—Ç–∏—Ç—å –í–∞—à –º–∏—Ä"
–ü—Ä–∏–≤–µ—Ç –º–æ–∂–Ω–æ –¥–æ–±–∞–≤–∏—Ç—å –º–µ–Ω—è –≤ —á–∞—Ç 2 –∫–æ—Ä–ø—É—Å–∞?,"–ü—Ä–∏–≤–µ—Ç  –¥–∞ –∫–æ–Ω–µ—á–Ω–æ –º–∏–Ω—É—Ç–∫—É"
–°–µ–≥–æ–¥–Ω—è –∫–æ–º–Ω–∞—Ç–∞ –Ω–∞ 3–º —ç—Ç–∞–∂–µ –∑–∞–±—Ä–æ–Ω–∏—Ä–æ–≤–∞–Ω–∞ –¥–æ 23:00. –ú–æ–∂–Ω–æ –ø–æ–ª—É—á–∏—Ç—å –∫–ª—é—á –≤ 23:00?,"–ù–ï–¢"
–ù–µ –º–æ–≥—É –≤–ø–∏—Å–∞—Ç—å –∏–º—è –≤ —Ç–∞–±–ª–∏—Ü—É,"–ü–æ—á–µ–º—É –Ω–µ –º–æ–∂–µ—à—å –≤–ø–∏—Å–∞—Ç—å? —Å–µ–≥–æ–¥–Ω—è –∫–æ–º–Ω–∞—Ç–∞ –∑–∞–±—Ä–æ–Ω–∏—Ä–æ–≤–∞–Ω–∞ –¥–æ 03 00"
–¢–∞–±–ª–∏—Ü –Ω–∞ —Ç–µ–ª–µ—Ñ–æ–Ω–µ –Ω–µ—Çü§∑‚Äç‚ôÄÔ∏è,"–ü–æ–Ω—è—Ç–Ω–æ —Å–µ–π—á–∞—Å –≤–ø–∏—à—É"
—Å–ø–∏—à–∏—Å—å –ø–æ–∂–∞–ª—É–π—Å—Ç–∞ —Å —Ç–µ–º –∫—Ç–æ –∑–∞–±—Ä–æ–Ω–∏—Ä–æ–≤–∞–ª –¥–æ 11 –∏ –¥–æ–≥–æ–≤–æ—Ä–∏—Å—å —Å –Ω–∏–º –æ –ø–µ—Ä–µ–¥–∞—á–µ –∫–ª—é—á–∞,"–•–æ—Ä–æ—à–æ"
–ü—Ä–∏–≤–µ—Ç c–ª—É—à–∞–π —Ç–∞–∫–∞—è –ø—Ä–æ–±–ª–µ–º–∞... —É –º–µ–Ω—è –≤ –∫–æ–º–Ω–∞—Ç–µ –ø–µ—Ä–µ—Å—Ç–∞–ª–æ —Ä–∞–±–æ—Ç–∞—Ç—å —ç–ª–µ–∫—Ç—Ä–∏—á–µ—Å—Ç–≤–æ –Ω–µ –∑–Ω–∞–µ—à—å –∫ –∫–æ–º—É —Å–µ–π—á–∞—Å –º–æ–∂–Ω–æ –æ–±—Ä–∞—Ç–∏—Ç—å—Å—è ?,"–°–µ–π—á–∞—Å"
–¢—ã –≤ –∏–Ω–Ω–æ?,"—Å–µ–π—á–∞—Å –Ω–µ –≤ –ò–Ω–Ω–æ"
–ê —É –∫–æ–≥–æ –º–æ–∂–Ω–æ –ø—Ä–æ –∫–ª—é—á —Å–ø—Ä–æ—Å–∏—Ç—å,"—Å–µ–∫"
—á—Ç–æ –º–∞—Ç—å —Ç–≤–æ—é –ø—Ä–æ–∏—Å—Ö–æ–¥–∏—Ç,"–†–µ–±—è—Ç–∞ –¥–æ–±—Ä—ã–π –¥–µ–Ω—å! –£–≤–µ–¥–æ–º–ª—è—é –í–∞—Å –æ —Ç–æ–º —á—Ç–æ –≤—Å–µ —É—á–µ–±–Ω—ã–µ –∫–æ–º–Ω–∞—Ç—ã  –≤–æ –≤—Å–µ—Ö –∫–æ—Ä–ø—É—Å–∞—Ö –∑–∞–Ω—è—Ç—ã –Ω–∞ –ø–µ—Ä–∏–æ–¥ –ø—Ä–æ–≤–µ–¥–µ–Ω–∏—è –í–†–û! –û –≤–æ–∑–≤—Ä–∞—â–µ–Ω–∏–µ –¥–ª—è –æ–±—â–µ–≥–æ –¥–æ—Å—Ç—É–ø–∞ –º—ã –í–∞—Å –ø—Ä–æ–∏–Ω—Ñ–æ—Ä–º–∏—Ä—É–µ–º! –°–ø–∞—Å–∏–±–æ –∑–∞ –ø–æ–Ω–∏–º–∞–Ω–∏–µ!"
–ü–æ–Ω—è—Ç–Ω–æ —Å–ø–∞—Å–∏–±–æ,–ø–æ–∂–∞–ª—É–π—Å—Ç–∞)
–ü—Ä–∏–≤–µ—Ç, –ü—Ä–∏–≤–µ—Ç –ø—Ä–∏–≤–µ—Ç –∫–∞–∫ —Ç–≤–æ–∏ –¥–µ–ª–∞?
–û—Ç–ª–∏—á–Ω–æ —Å–ø–∞—Å–∏–±–æ ‚ò∫Ô∏è,–ü–æ–∂–∞–ª—É–π—Å—Ç–∞)
–ê –≥–¥–µ –º–æ–∂–Ω–æ –∏–Ω—Ñ–æ—Ä–º–∞—Ü–∏—é –Ω–∞–π—Ç–∏ —á—Ç–æ –∏ –∫–∞–∫ –¥–∞–ª—å—à–µ ?,–Ø —É—Ç–æ—á–Ω—é –Ω–æ –≤—Ä–æ–¥–µ –∫–∞–∫ –∏–Ω—Ñ–∞ –Ω–∞ –ø–æ—á—Ç—É –ø—Ä–∏–¥–µ—Ç
–í—Å–µ,–ú–∞–∫—Å —É —Ç–µ–±—è —Å–∫–æ–ª—å–∫–æ ?
–©–∞ –ø–æ—Å–º–æ—Ç—Ä—é,–Ø –ø–æ—Ö–æ–¥–µ —Å–º–æ—Ç—Ä–µ–ª –Ω–µ —Ç—É —Ç–∞–±–ª–∏—Ü—É
–£ –º–µ–Ω—è 21 —Å –∫–æ–ø–µ–π–∫–∞–º–∏ –∏–∑ 35,–ü–æ–Ω—è–ª
–¢–∞–º –ø–æ–¥–Ω—è–ª–∏,–î–∞–¥–∞
–£ –º–µ–Ω—è –Ω–∞ 6 —Å –∫–æ–ø–µ–π–∫–∞–º–∏ –ø–æ–¥–Ω—è–ª–æ—Å—å,"–ú–æ—â–Ω—ã–π, –ú–∞–∫—Å"
"Yes, sir",–ß–µ—Ä–µ–∑ 4 –º–∏–Ω—É—Ç—ã –º–æ–∂–µ—à—å –≤—ã–≥–ª—è–Ω—É—Ç—å ?))))
"–ú–æ–≥—É, –¢–æ—á–Ω—è–∫, –ø—Ä–æ—Å—Ç–æ","–ú–∞–∫—Å, —Ç—ã —Å–¥–µ–ª–∞–ª –ø—è—Ç—É—é –ª–∞–±—É –ø–æ –±–¥?))"
"–•–∞-—Ö–∞, —É –º–µ–Ω—è —Å 4 –Ω–∏—á–µ –Ω–∏ —Å–¥–µ–ª–∞–Ω–æ –µ—â—ë, –Ω–∞ –Ω–µ–¥–µ–ª–µ —Å—è–¥—É –¥–µ–ª–∞—Ç—å –≤—Å–µ, –¢–∞–º –∂–µ –º–æ–∂–Ω–æ —Å–¥–∞–≤–∞—Ç—å —Å—Ç–∞—Ä—ã–µ?",–£–≥–∞—Ä)))
–ù–∞–π—Å,–¢—ã —à–æ –Ω–∏–±—É–¥—å –±–æ—Ç–∞–ª –Ω–∞ –≤—ã—Ö–æ–¥–Ω—ã—Ö ?)
–ù–µ—Ç,–Ø —Ç–æ–∂‚ÇΩ))
–Ø —Ç–∞–∫–∏–º –Ω–µ —Å—Ç—Ä–∞–¥–∞—éüòÇ,"–ú–Ω–µ –±—ã –º–ª –ø–æ–±–æ—Ç–∞—Ç—å, —è –ø–æ—Å–ª–µ–¥–Ω–∏–µ –¥–≤–µ –ª–µ–∫—Ü–∏–∏ –ø—Ä–æ–ø—É—Å—Ç–∏–ª"
–ß—Ç–æ –∑–∞ –ª–∞–±–∞?,"–°–µ–π—á–∞—Å —Å–∫–∏–Ω—É,     for those who want to come to the additional lab session.Where: 313.When: 9am."
"    for those who want to come to the additional lab session.Where: 313.When: 9am., –ê–∞–∞, –ø–æ–Ω—è–ª, —Ç—ã –∏–∑ —Ç–µ—Ö –∫—Ç–æ —Ö–æ—á–µ—Ç –ø–æ–π—Ç–∏?","–Ø –∏–∑ —Ç–µ—Ö –∫—Ç–æ —Ö–æ—á–µ—Ç, –Ω–æ –Ω–µ —Ö–æ—á–µ—Ç —Ç–∞–∫ —Ä–∞–Ω–æ –≤—Å—Ç–∞–≤–∞—Ç—å)"
–•–∞—Ö,–ê —Ç—ã —á—Ç–æ –¥—É–º–∞–µ—à—å?)
–Ø –Ω–µ–µ )),–¢—ã –∏ —Ç–∞–∫ —É–º–Ω—ã–π)
"–ë–ª—è, –∫—Ä–∞—Å–∞–≤—á–∏–∫–∞ –æ–ø—è—Ç—å –∫–∏–Ω—É–ªüòÇ",–ê—Ö–∞—Ö–∞—Ö–∞—Ö–∞
üòÇüòÇüòÇ,"–ù–æ –º—ã –Ω–µ —Ç–∞–∫–∏–µ –∫—Ä–∞—Å–∞–≤—á–∏–∫–∏, –Ω–∞–º –¥–∞–ª–µ–∫–æ)"
"–¢–∞–∫ —Ç–æ –¥–∞, —Ñ–∞–∫(","–ù—É –ª–∞–¥–Ω–æ, –Ω–∏—á–µ–≥–æ —Å—Ç—Ä–∞—à–Ω–æ–≥–æ, –µ—â—ë –≤—Å–µ –≤–ø–µ—Ä–µ–¥–∏"
üòÇüòÇüòÇ,"–ú–∞–∫—Å, —É —Ç–µ–±—è –∑–∞—Ö–æ–¥–∏—Ç –Ω–∞ –º—É–¥–ª ?)"
–ù–µ—Ç,–ª–µ–∫—Ü–∏–∏ –ø–æ –±–¥—à–∫–µ –Ω–µ –∫–∞—á–∞–ª ?)
"–§–∞–∫, –Ω–µ–∞",—è —Ç–æ–∂(((
–í–æ—Ç —Ñ–∞–∫,–Ω–∞–¥–µ—é—Å—å –∫—Ç–æ-–Ω–∏–±—É–¥—å —Å–∫–∞—á–∞–ª
–ú–æ–∂–µ—Ç –≤—Å—Ç–∞–Ω–µ—Ç –º—É–¥–ª —É–∂,–º–æ–∂–µ—Ç –±—ã—Ç—å :)
–í–æ—Å—Å—Ç–∞–ª,–∏–∑ –º–µ—Ä—Ç–≤—ã—Ö )
"–ê–≥–∞—Å—å, –Ω–∞–¥–æ –±—ã –∑–∞–≤—Ç—Ä–∞ —É —Ç–µ–±—è –∫–∞—Ç–Ω—É—Ç—å",–∞—Ö–∞—Ö–∞—Ö
–ú–æ–∂–Ω–æ),82 –ø—Ä–æ—Ü–µ–Ω—Ç–∞
58,"–±–ª–∏–Ω, –ø–ª–æ—Ö–æ"
"–ù–µ—Ç —É–∂ –Ω–∞–≤–µ—Ä–Ω–æ, —è –≤–æ–æ–±—â–µ –Ω–µ –≥–æ—Ç–æ–≤–∏–ª—Å—è","–∞–∞, –Ω—É –ø–æ–Ω—è–ª, –Ω—É –ª–∞–¥–Ω–æ, –æ–Ω –≤—Ä–æ–¥–µ –Ω–µ–º–Ω–æ–≥–æ –≤–µ—Å–∏–ª, –ú–∞–∫—Å, –∞ —É —Ç–µ–±—è –∫–æ–≥–¥–∞ –¥—Ä ?)"
4 —è–Ω–≤–∞—Ä—è,"—Ö–æ—Ä–æ—à–æ, —Ç–µ–ø–µ—Ä—å –±—É–¥—É –∑–Ω–∞—Ç—å)"
–ü—Ä–∏–Ω—è–ª,"–≤—Å–µ, –¥–∞–≤–∞–π –Ω–µ –∑–∞–±—É–¥—å)"
"–≠—Ö—Ö, –ö–∞—Ç—å–∫–∞üòÇüòÇ",–∞—Ö–∞—Ö–∞—Ö–∞
–ù–µ—Ç –∫–æ–Ω–µ—á–Ω–æ!,–ú–∞–∫—Å
–ù—É–∫–∞,–ß—Ç–æ –Ω–∞ –ª–∞–±–µ ?))
"–Ø —Ç—É–¥–∞ —Ç–æ–∂–µ –Ω–µ –ø–æ—à–µ–ª, –Ω–µ –∑–Ω–∞—é —Å–∞–º –ø–æ–∫–∞",–ü–æ–Ω—è–ª))
–ù–µ –∑–Ω–∞—é –≤–æ—Ç,"–ú–∞–∫—Å, –Ω–µ –∑–Ω–∞–µ—à—å, —á—Ç–æ –Ω–∞ –ª–∞–±–µ –ø—Ä–æ–∏—Å—Ö–æ–¥–∏—Ç ?"
–£ —Ç–µ–±—è –ü—É–∑–∞–Ω–∫–æ–≤–∞?,–î–∞
"–í—Ä–æ–¥–µ –±—ã–ª–æ, –Ω–æ —è –Ω–µ –≤ –∫—É—Ä—Å–µ —á—Ç–æ",–î–∞
–ñ–µ—Å—Ç–∫–∞,"–ú–Ω–µ –ø—Ä–æ—Å—Ç–æ –∏–Ω—Ç–µ—Ä–µ—Å–Ω–æ, –¥–∞–ª–∏ –ª–∏ —á—Ç–æ-–Ω–∏–±—É–¥—å –¥–µ–ª–∞—Ç—å"
–í –ø–ª–∞–Ω–µ?,"–ù—É –æ–Ω–∏ –∂–µ –∑–∞–¥–∞–Ω–∏–µ –¥–∞—é—Ç, –Ω–∞ –ø–∞—Ä—É –¥–Ω–µ–π"
"–ê–∞–∞, –ø–æ–Ω—è–ª",—Ç—ã –Ω–∞ —Ñ—É—Ç–±–æ–ª —Å–µ–≥–æ–¥–Ω—è –∏–¥–µ—à—å ?
–¥–∞,–ø–æ–Ω—è–ª ))
–ø—Ä–∏–≥–æ–Ω—è–π —Ç–æ–∂,–¥–∞ —è –≤–æ—Ç –¥—É–º–∞—é
–∞–∞–∞,–∞—Ö–∞—Ö–∞—Ö–∞
—Ö–∞—Ö–∞,–ú–∞–∫—Å
–û–Ω–∞ –±—ã–ª–∞ 5 –º–∏–Ω—É—Ç,–ü–æ–Ω—è–ª)
–í –Ω–∞—Ç—É—Ä–µ,"–î–∞, –¥–æ–º–æ–π –≤–æ—Ç —Å–∫–æ—Ä–æ —Å–æ–±–∏—Ä–∞—é—Å—å"
"–î–æ–º–æ–π, –≤—Å–º—ã—Å–ª–µ —Å—é–¥–∞ –æ–±—Ä–∞—Ç–Ω–æ?","–ù–µ, –≤ –ï–ª–∞–±—É–≥—É)))"
"–ê–∞, —ç—Ç–æ –ø—Ä–∞–≤–∏–ª—å–Ω–æ","–ù—É)), –ú–∞–∫—Å, —Ç—ã –¥–µ–ª–∞–ª –∞—Å—Å–∞–π–º–µ–Ω—Ç?)))"
–ú–ª?,"–î–∞, –≤–∏–¥–µ–ª)"
–ù–µ–∞,"–ú—ã —Å —Ç–æ–±–æ–π —á–µ–º-—Ç–æ –ø–æ—Ö–æ–∂–∏))0), –°–∫–æ–ª—å–∫–æ –∑–∞ –≤—Ç–æ—Ä–æ–π —Ç–µ—Å—Ç ?))"
–ë–ª—è,73(((
87.50,–ß–µ—Ç–∫–æ))
–£ –≤–∞—Å –∫–∞–∫?,67
–û—Ö—Ö –±–ª–µ—Ç,"–ê–≥–∞, —Ö–µ—Ä–æ–≤–æ, –ú–∞–∫—Å–∏–º, –∫–∞–∫ –¥–µ–ª–∞ ?)"
–ù–æ—Ä–º–∞—Å,–ö–∞–∫ –º–ª–∫–∞?)))
–ù–∞—á–∞–ª –¥–µ–ª–∞—Ç—å,–°–ª–æ–∂–Ω–æ?))
"–ú–æ–∂–µ—Ç —Å–µ–≥–æ–¥–Ω—è –∑–∞–∫–æ–Ω—á—É, –Ω–µ –æ—Å–æ–±–æ, —Ç–∞–º –≤ –æ—Å–Ω–æ–≤–Ω–æ–º –¥–∞–Ω–Ω—ã–µ –ø—Ä–µ–¥–æ–±—Ä–∞–±–æ—Ç–∞—Ç—å –Ω—É–∂–Ω–æ",–ê –µ—Å—Ç—å –∫–∞–∫–∏–µ-–Ω–∏–±—É–¥—å –≥–∞–π–¥—ã –Ω–æ—Ä–º–∞–ª—å–Ω—ã–µ ?
–ü–æ–∫–∞ –µ—â—ë –Ω–µ –∏—Å–ø–æ–ª—å–∑–æ–≤–∞–ª,"–ü–æ–Ω—è–ª)), –ú–∞–∫—Å, –µ—Å–ª–∏ —Å–¥–µ–ª–∞–µ—à—å, –º–æ–∂–µ—à—å –ø–æ–º–æ—á—å ?)"
–ù–∞–≤–µ—Ä–Ω–æ,—Ç—ã –ø–∞–¥–¥–∏–Ω–≥ —Å–¥–µ–ª–∞–ª ?
–¥–∞,–Ω—É –∏ —Ä–µ—Å–∞–π–∑
"def resize_images(images): resized_images = [] for image in images: n = np.max(image.shape[:-1]) padded_img = np.zeros((n, n, 3)) padded_img[:image.shape[0], :image.shape[1]] = image resized_img = cv2.resize(padded_img, (30, 30)).astype(int) resized_images.append(resized_img)  return resized_images",—Ç–∏–ø –ø—Ä–æ—Å—Ç–æ —Ñ—É–Ω–∫—Ü–∏—é –∏—Å–ø–æ–ª—å–∑–æ–≤–∞—Ç—å ?
–¥–∞,"–ø–æ–Ω—è–ª, —Å–µ–π—á–∞—Å –≥–ª—è–Ω—É, –ú–∞–∫—Å, —Ç—ã –Ω–∞ –ø–∞—Ä—É –∏–¥–µ—à—å?), –ø–æ–Ω—è–ª üòÇ, –ú–∞–∫—Å, —Å–ª—É—à–∞–π, –º–æ–∂–Ω–æ –≤–æ–ø—Ä–æ—Å–∏–∫"
–î–∞–≤–∞–π,"–≤–æ—Ç —Å–º–æ—Ç—Ä–∏, —è —Å—á–∏—Ç—ã–≤–∞—é –≤—Å–µ 43 –∫–ª–∞—Å—Å–∞ –∫–∞—Ä—Ç–∏–Ω–æ–∫, –∑–∞–∫–∏–¥—ã–≤–∞—é –∏—Ö –≤ –ø–∞–¥–¥–∏–Ω–≥ –∏ —Ä–µ—Å–∞–π–∑"
"–ù–æ —Ç–∞–º –º–∞—Å—Å–∏–≤ –∫–∞—Ä—Ç–∏–Ω–æ–∫ –ø–µ—Ä–µ–¥–∞—é, —è —ç—Ç—É —Ñ—É–Ω–∫—Ü–∏—é –ø–æ—Ç–æ–º –¥–≤–∞–∂–¥—ã –≤—ã–∑—ã–≤–∞—é, —Ü–µ–ª–∏–∫–æ–º –¥–ª—è training –∏ –¥–ª—è test","–Ω—É –¥–∞, –≤–æ—Ç —Ç–∞–∫ —è —Ç–æ–∂–µ –º–∞—Å—Å–∏–≤ –∫–∞—Ä—Ç–∏–Ω–æ–∫ –ø–µ—Ä–µ–¥–∞—é"
–î–∞,"–ø–æ–Ω—è–ª, –ø–æ–Ω—è–ª"
"–£ –º–µ–Ω—è —á—Ç–æ-—Ç–æ –ø–æ—Ö–æ–∂–µ–µ, —Ç–∞–∫–æ–µ –∏ –¥–æ–ª–∂–Ω–æ –±—ã—Ç—å","–ø–æ–Ω—è–ª, —Å–ø–∞—Å–∏–±–æ –ú–∞–∫—Å–∏–º–∫–∞), Max"
–î–∞,–º–æ–∂–µ—à—å —Å–∫–∞–∑–∞—Ç—å –∫–∞–∫ —ç—Ç–æ –¥–µ–ª–∞–µ—Ç—Å—è ?
"–¢–∞–º —Ç—Ä–µ–∫–∏ –µ—Å—Ç—å, —ç—Ç–æ –≥—Ä—É–ø–ø—ã –æ–¥–Ω–∏—Ö –∏ —Ç–µ—Ö –∂–µ –∑–Ω–∞–∫–æ–≤ –ø–æ 30 —à—Ç—É–∫. –í–æ—Ç —ç—Ç–∏ —Ç—Ä–µ–∫–∏ —Å–Ω–∞—á–∞–ª–∞ –≤—ã–¥–µ–ª–∏—Ç—å –Ω–∞–¥–æ —Å —Ç—Ä–µ–Ω–∏—Ä–æ–≤–æ—á–Ω–æ–≥–æ –¥–∞—Ç–∞—Å–µ—Ç–∞, –≤ –Ω–µ–º –∑–Ω–∞–∫–∏ –æ–¥–Ω–æ–≥–æ —Ç—Ä–µ–∫–∞ –∏–¥—É—Ç –ø–æ –ø–æ—Ä—è–¥–∫—É –¥—Ä—É–≥ –∑–∞ –¥—Ä—É–≥–æ–º. –ü–æ—Ç–æ–º 0.8 –æ—Ç –∫–æ–ª–∏—á–µ—Å—Ç–≤–∞ —Ç—Ä–µ–∫–æ–≤ –ø–æ–ª—É—á–µ–Ω–Ω—ã—Ö –±–µ—Ä–µ—à—å –∏ –ª–æ–∂–∏—à—å –≤ –∫–æ–Ω–µ—á–Ω—ã–π —Ç—Ä–µ–Ω–∏—Ä–æ–≤–æ—á–Ω—ã–π –¥–∞—Ç–∞—Å–µ—Ç, –æ—Å—Ç–∞—Ç–æ–∫ - –≤ –≤–∞–ª–∏–¥–∞—Ü–∏–æ–Ω–Ω—ã–π","—Ç–∞–∫, —Å—É—Ç—å –ø–æ–Ω—è–ª"
"–º–æ–∂–Ω–æ –ø–æ –Ω–∞–∑–≤–∞–Ω–∏—é, –¥–∞",–ø—Ä–æ—Å—Ç–æ –º—ã –∂–µ –ø–æ —Å—É—Ç–∏ –Ω–∞–∑–≤–∞–Ω–∏–µ –ø—Ä–æ–ø—É—Å–∫–∞–µ–º
"–Ω–æ —è –ø—Ä–∏–¥–µ—Ä–∂–∏–≤–∞–ª—Å—è –ª–æ–≥–∏–∫–∏, —á—Ç–æ –æ–Ω–∏ –ø–æ –ø–æ—Ä—è–¥–∫—É –∏–¥—É—Ç –≤ –Ω–∞—à–µ–º —Å—á–∏—Ç–∞–Ω–Ω–æ–º –º–∞—Å—Å–∏–≤–µ","–∞–∞, –Ω—É –¥–∞, —Ç–æ –µ—Å—Ç—å –º–æ–∂–Ω–æ –±—Ä–∞—Ç—å –ø–æ 30 —à—Ç—É–∫ –ø–æ —Å—É—Ç–∏"
–¥–∞ –¥–∞,"0.8 –æ—Ç –∫–æ–ª–∏—á–µ—Å—Ç–≤–∞ —Ç—Ä–µ–∫–æ–≤, —ç—Ç–æ –∑–Ω–∞—á–∏—Ç 0.8 –æ—Ç 30"
—ç—Ç–æ 33 –∫–ª–∞—Å—Å,–∏–ª–∏ –Ω–∞ —Å–∞–º–æ–º –¥–µ–ª–µ –æ—Ç –∫–æ–ª–∏—á–µ—Å—Ç–≤–∞ —Ç—Ä–µ–∫–æ–≤ ?
–æ—Ç –∫–æ–ª–∏—á–µ—Å—Ç–≤–∞ –ø–æ–ª—É—á–µ–Ω–Ω—ã—Ö —Ç—Ä–µ–∫–æ–≤,"—Ç—ã –ø–æ–ª—É—á–∞–µ—Ç—Å—è –ø—Ä–æ—Å—Ç–æ –∏—Ö —Ä–∞–∑–¥–µ–ª–∏–ª –ø–æ —Ç—Ä–µ–∫–∞–º, –∞ –ø–æ—Ç–æ–º –∫–∞–∫ 80 –ø—Ä–æ—Ü–µ–Ω—Ç–æ–≤ –≤–∑—è–ª ?"
–¥–∞,"–ú–∞–∫—Å, –º–æ–∂–Ω–æ —è –≥–ª—è–Ω—É –∫–∞–∫ —Ç—ã —ç—Ç–æ —Ä–µ–∞–ª–∏–∑–æ–≤–∞–ª ?)"
–©–∞,–º–æ–∂–µ—Ç —Å–ª–æ–≤–∞–º–∏ –Ω–µ –ø–æ–Ω—è—Ç–Ω–æ
–ù–æ —Ç–∞–º –≤–æ–∑–º–æ–∂–Ω–æ –Ω–µ–ø–æ–Ω—è—Ç–Ω–æ –±—É–¥–µ—Ç,–∞—Ö–∞—Ö–∞—Ö–∞
"def split(X, y, prop=0.8): X_train, y_train = [], [] X_val, y_val = [], []  tracks = extract_tracks(y) random.shuffle(tracks)  train_end = ceil(prop * len(tracks)) for i in range(train_end): track = tracks[i] start = track[0] end = track[1] X_train += X[start:end] y_train += y[start:end]  for i in range(train_end, len(tracks)): track = tracks[i] start = track[0] end = track[1] X_val += X[start:end] y_val += y[start:end]  ind_train = [i for i in range(len(X_train))] ind_val = [i for i in range(len(X_val))] random.shuffle(ind_train) random.shuffle(ind_val)  X_train = np.array(X_train) y_train = np.array(y_train) X_val = np.array(X_val) y_val = np.array(y_val)  return X_train[ind_train], y_train[ind_train], X_val[ind_val], y_val[ind_val]",–ø–æ–ø—Ä–æ–±—É—é –æ—Å–æ–∑–Ω–∞—Ç—å)0)
–ê –≤–æ—Ç –µ—â–µ –≤—Å–ø–æ–º–æ–≥–∞—Ç–µ–ª—å–Ω–∞—è —Ñ—É–Ω–∫—Ü–∏—è,"–≤—Å–µ, –ø–æ–Ω—è–ª, —Å–ø–∞—Å–∏–±–æ, —Å–µ–π—á–∞—Å –ø–æ–ø—Ä–æ–±—É—é –ø–æ–Ω—è—Ç—å)"
–î–∞,–∞ X –∏ Y —á—Ç–æ —É —Ç–µ–±—è ?
images –∏ –∏—Ö labels,"–ø–æ–Ω—è–ª, –±—Ä–∞—Ç–µ—Ü), —è –≤–æ—Ç –ø—Ä–æ—Å—Ç–æ —Ç–∞–∫ –Ω–∞–º—É—Ç–∏–ª )"
"–ß–µ—Ç –¥–∏—á—å –∫–∞–∫–∞—è-—Ç–æ –Ω–∞ —Å–∞–º–æ–º –¥–µ–ª–µ, —Ç–∞–º –Ω—É–∂–Ω–æ —á—Ç–æ–± –≤–µ—Å—å —Ç—Ä–µ–∫ —Ü–µ–ª–∏–∫–æ–º –ø–æ–ø–∞–¥–∞–ª –ª–∏–±–æ –≤ train –ª–∏–±–æ –≤ validation","–∞–∞, –ø–æ–ª—É—á–∞–µ—Ç—Å—è –º–Ω–µ –ø—Ä–æ—Å—Ç–æ –Ω—É–∂–Ω–æ –≤—Å–µ 30 –∑–∞–∫–∏–¥—ã–≤–∞—Ç—å –≤ —Ç—Ä–µ–π–Ω –∏–ª–∏ –≤ —Ç–µ—Å—Ç"
–î–∞,"–ú–∞–∫—Å, –∞ —É —Ç–µ–±—è –ø—Ä—è–º —Ç–æ—á–Ω–æ 80 –Ω–∞ 20 –ø–æ–ª—É—á–∏–ª–æ—Å—å ?"
–Ω—É –Ω–µ —Å–æ–≤—Å–µ–º —Ç–æ—á–Ω–æ —Ç–∞–º –º–æ–∂–µ—Ç –≥–¥–µ-–Ω–∏–±—É–¥—å –Ω–∞ –æ–¥–∏–Ω –ø—Ä–æ—Ü–µ–Ω—Ç –æ—Ç–ª–∏—á–∞—Ç—å—Å—è,"–ø–æ–Ω—è–ª, –±—Ä–æ)"
–¥–∞ —Å–≥–æ–Ω—è—é,—Ç—ã —É–∂–µ –¥–æ–¥–µ–ª–∞–ª –∞—Å—Å–∞–π–º–µ–Ω—Ç ?)
–Ω–µ,"–ú–∞–∫—Å, —Ç—ã —Ç—É—Ç ?)"
–î–∞,–º–æ–∂–µ—à—å –ø–æ–∫–∞–∑–∞—Ç—å –∫–∞–∫ —Ç—ã —Å–¥–µ–ª–∞–ª –∞—É–≥–º–µ–Ω—Ç—ç–π—à–Ω –∏ –Ω–æ—Ä–º–∞–ª–∏–∑—ç–π—à–Ω ?
"–û—à–∏–±–∫–∏ —Ç–∞–º –∏—Å–ø—Ä–∞–≤–ª—è—é, –ø–æ–∫–∞ –Ω–µ—Ç—É –Ω–æ—Ä–º–∞–ª—å–Ω–æ–≥–æ, –ø—Ä–∏—à–µ–ª —Ç–æ–ª—å–∫–æ",–ø–æ–Ω—è–ª
–ù–æ —Ç–∞–º –∫–∞—Ä—Ç–∏–Ω–∫–∏ —á–µ—Ä–Ω—ã–µ –ø–æ–ª—É–∞—é—Ç—Å—è,–ª–µ–ª))
–æ–∫,"–ú–∞–∫—Å, —Å–ø–∏—à—å?), –ú–∞–∞–∞–∫—Å(("
–¥–∞,–¥–∞ –≤—Ä–æ–¥–µ –ø–æ–ª—É—á–∏–ª–æ—Å—å –∞—É–≥–º–µ–Ω—Ç–∞—Ü–∏—é —É –º–µ–Ω—è —Å–¥–µ–ª–∞—Ç—å
–º–æ–¥–µ–ª—å–∫—É –Ω–∞–¥–æ –æ–±—É—á–∏—Ç—å,"–∞–∞, —Å–ª—É—à–∞–π –∞ –Ω–∞–º –∏ —Ç–µ—Å—Ç–æ–≤—ã–µ –∏ —Ç—Ä–µ–π–Ω –∫–∞—Ä—Ç–∏–Ω–∫–∏ –Ω—É–∂–Ω–æ 30 –Ω–∞ 30 —Å–¥–µ–ª–∞—Ç—å –∂–µ ?"
–¥–∞,"—Ö–æ—Ä–æ—à–æ, –ú–∞–∫—Å, –∫–∞–∫ —Ç—ã —Å–¥–µ–ª–∞–ª –Ω–æ—Ä–º–∞–ª–∏–∑–µ–π—à–Ω ?"
–ü–æ–¥–µ–ª–∏–ª –Ω–∞ 256,–ø—Ä–æ—Å—Ç —Ç–∞–º –º–∞—Å—Å–∏–≤ —ç—Ç–∏—Ö –ø–∏–∫—Å–µ–ª–µ–π –Ω–µ –æ—á —É–¥–æ–±–Ω–æ —Ö—Ä–∞–Ω–∏—Ç—Å—è
"–¢–∞–º –æ–¥–Ω–∞ —Å—Ç—Ä–æ—á–∫–∞ —É –º–µ–Ω—è, –≤–∑—è–ª –º–∞—Å—Å–∏–≤, –ø–æ–¥–µ–ª–∏–ª –Ω–∞ 256",—Ç–æ –µ—Å—Ç—å —è –º–æ–≥—É —Ç–∞–∫ —Å–¥–µ–ª–∞—Ç—å ?
–Ω—É –¥–∞ –º–æ–∂–Ω–æ —Ç–∞–∫,"–∞ –ø–æ—á–µ–º—É –∏–º–µ–Ω–Ω–æ –Ω–∞ 256, –∞ –Ω–µ –Ω–∞ 255 ?"
–∞ –Ω—É –¥–∞ –Ω–∞ 255,"—è —Ç–µ–±—è, –Ω–∞–≤–µ—Ä–Ω, —É–∂–µ –ø–æ–¥–∑–∞–µ–±–∞–ª"
–¢–∞–º —Ç–∞–∫ —Ç–æ–ª—å–∫–æ —Å numpy.array –º–æ–∂–Ω–æ —Å–¥–µ–ª–∞—Ç—å,"–Ω—É –≤–æ—Ç —Å–µ–π—á–∞—Å —Å–∫–∏–Ω—É, –∫–∞–∫ —É –º–µ–Ω—è —Ö—Ä–∞–Ω–∏—Ç—Å—è, —è –¥—É–º–∞—é —É —Ç–µ–±—è —Ç–∞–∫ –∂–µ, –Ω–∞–≤–µ—Ä–Ω –∏ –ø–µ—Ä–≤–∞—è —á–∞—Å—Ç—å —ç—Ç –Ω–∞–º–ø–∞–π –∞—Ä—Ä–µ–∏ –≤—Ä–æ–¥–µ –∫–∞–∫"
–£ –º–µ–Ω—è –æ—Ç–¥–µ–ª—å–Ω—ã–µ –º–∞—Å—Å–∏–≤—ã –¥–ª—è –∫–∞—Ä—Ç–∏–Ω–æ–∫ –∏ –ª–µ–π–±–ª–æ–≤,–ø–µ—Ä–≤—ã–π —ç—Ç–æ –º–∞—Å—Å–∏–≤ –ø–∏–∫—Å–µ–ª–µ–π
"–Ø —Ç–∞–∫ –Ω–µ —Å–æ–≤—Å–µ–º –ø–æ–Ω–∏–º–∞—é, –≤—Ä–æ–¥–µ –±—ã —Å–ø–∏—Å–æ–∫ numpy.array'–æ–≤","–ú–∞–∫—Å, —É —Ç–µ–±—è –∫–∞–∫ –ø–æ –∞–∫–∫—É—Ä–∞—Å–∏ ?"
69,—ç—Ç–æ –Ω–∞ —Ç–µ—Å—Ç–µ ?
–î–∞,"–æ—É, —á—Ç–æ –∑–∞ –∏–∑–≤—Ä–∞—â–µ–Ω–∏—è, –ú–∞–∫—Å–∏–º"
–£ —Ç—è –∫–∞–∫?,—É –º–µ–Ω—è –Ω–∞ –≤–∞–ª–∏–¥–µ–π—à–Ω–µ —É–∂–µ 75
"–ß–µ—Ç –ø–æ—Ö–æ–∂–µ–µ –Ω–∞ —Ç–µ—Å—Ç, –Ω–æ –≤ –ø—Ä–∏–Ω—Ü–∏–ø–µ —Ç—É—Ç –Ω–µ—Ç —Ä–∞–∑–Ω–∏—Ü—ã –≤ —ç—Ç–æ–º",—Ç–∏–ø –ø–æ—Ö–µ—Ä –Ω–∞ –∞–∫–∫—É—Ä—É—Å–∏ ?_)
–Ø 100 –∏—Å–ø–æ–ª—å–∑—É—é,"–ú–∞–∫—Å, –æ–Ω–∏ –∂–µ –±—É–¥—É—Ç –æ—Ü–µ–Ω–∏–≤–∞—Ç—å –∏–º–µ–Ω–Ω–æ –∞–∫–∫—É—Ä–∞—Å–∏ ?"
–ù–µ—Ç –≤—Ä–æ–¥–µ,"–Ω–∞–¥–µ—é—Å—å, —á—Ç–æ –Ω–µ—Ç, –ú–∞–∫—Å, –∞ –º–æ–∂–µ—à—å –ø–æ–∫–∞–∑–∞—Ç—å –∫–∞–∫ –¥–ª—è –∫–∞–∂–¥–æ–≥–æ –∫–ª–∞—Å—Å–∞ precision –∏ recall –ø–æ—Å—á–∏—Ç–∞—Ç—å ?"
sklearn.metrics -> classification_report,"–¥–∞, —è –≤–æ—Ç —Ç–∞–∫ –ø—Ä–æ–±–æ–≤–∞–ª, –Ω–æ —á–µ—Ç —É –º–µ–Ω—è —Ç–∞–∫–∞—è —Å—Ç—Ä–æ–∫–∞ –æ—à–∏–±–∫—É –≤—ã–∑—ã–≤–∞–ª–∞"
–ê –≥–¥–µ predict ?,–≤ accuracy score –∂–µ
–ù—É –æ–Ω –Ω—É–∂–µ–Ω –¥–ª—è –Ω–µ–≥–æ,"–∞–∞, –ø–æ–Ω—è–ª, –ø–æ–Ω—è–ª, –∞ –æ–Ω –¥–ª—è –≤—Å–µ—Ö –∫–ª–∞—Å—Å–æ–≤ —ç—Ç–æ –¥–µ–ª–∞–µ—Ç ?, –£ —Ç–µ–±—è —Ä–æ–≤–Ω—ã–π –ø–æ–ª—É—á–∏–ª—Å—è?"
"–í—Ä–æ–¥–µ, –Ω–µ –ø–æ–º–Ω—é",–ê —á—Ç–æ –≤–æ–æ–±—â–µ —ç—Ç–∏ —á–∏—Å–ª–∞ –∑–Ω–∞—á–∞—Ç –º–æ–∂–µ—à—å –ø–æ—è—Å–Ω–∏—Ç—å?
"–í –∏–Ω–µ—Ç–µ –≤–±–µ–π precision, recall –æ–Ω —Ç–µ–±–µ —Å—Ä–∞–∑—É –≤—ã–¥–∞—Å—Ç –∏–Ω—Ñ—É. –í–∫—Ä–∞—Ç—Ü–µ - –±–ª–∏–∂–µ –∫ –µ–¥–∏–Ω–∏—Ü–µ –ª—É—á—à–µ –∫–ª–∞—Å—Å–∏—Ñ–∏–∫–∞—Ç–æ—Ä, –ó–¥–æ—Ä–æ—É, –∫–∞–∫ –≤ —Ç—Ä–µ—Ç—å–µ–π –ª–∞–±–µ –ø–æ –±–∏–≥ –¥–∞—Ç–µ –ø–æ–ª—É—á–∏—Ç—å vagrant image, —É –º–µ–Ω—è —á–µ—Ç –Ω–µ –∑–∞—Ö–æ–¥–∏—Ç —Å username vagrant –∏ —Å password vagrant","–ø—Ä–∏–≤, —Å–µ–π—á–∞—Å –ø—ã—Ç–∞—é—Å—å –≤—Å–ø–æ–º–Ω–∏—Ç—å"
"–Ω–µ –Ω–µ, —è –Ω–∏—á–µ –Ω–µ —Å–¥–µ–ª–∞–ª –µ—â–µ","—Ç–µ–±–µ –Ω—É–∂–Ω–æ —Å–∫–∞—á–∞—Ç—å vagrantFile —Å —Å—Å—ã–ª–æ—á–∫–∏, —É –ø–æ–¥–Ω—è—Ç—å –º–∞—à–∏–Ω–∫–∏, —Ç–∞–º —Ç—Ä–∏ –≤ –∫–æ–Ω—Ñ–∏–≥—É—Ä–∞—Ü–∏–∏ –ø—Ä–æ–ø–∏—Å–∞–Ω–æ, –Ω–æ –Ω–∞–º –ø–æ —Å—É—Ç–∏ –¥–ª—è –ª–∞–±—ã –¥–æ—Å—Ç–∞—Ç–æ—á–Ω–æ –æ–¥–Ω–æ–π"
"–≤–æ—Ç, —É –º–µ–Ω—è –Ω–µ –ø–æ–ª—É—á–∞–µ—Ç—Å—è —Å–∫–∞—á–∞—Ç—å –µ–≥–æ, –û–æ –ø–∞—Å–∏–±",–Ω–µ –∑–∞ —á—Ç–æ)
–£ —Ç–µ–±—è –≤–æ—Ç —Ç—É—Ç –Ω–æ—Ä–º–∞–ª—å–Ω–æ —Ä–∞–±–æ—Ç–∞–ª–æ?,–î–∞
–û–Ω–æ –Ω–µ —Ä–∞–±–æ—Ç–∞–µ—Ç —á–µ—Ç —É –º–µ–Ω—è,–ù–∏—á–µ–≥–æ –Ω–µ –≤—ã–≤–æ–¥–∏—Ç?
–Ω–æ —Ç–∞–º –ø–æ –¥—Ä—É–≥–æ–º—É –≤—Ä–æ–¥–µ –±—ã –ø—Ä–æ—Å–∏—Ç –≤–≤–µ—Å—Ç–∏ –∫–æ–º–∞–Ω–¥—É,–ê –æ—Ç–ø—Ä–∞–≤—å —Å–∫—Ä–∏–Ω —Å –¥–æ–∫—É–º–µ–Ω—Ç–∞
"–í—Å–µ —Ä–∞–∑–æ–±—Ä–∞–ª—Å—è, —è —Ç–∞–º –Ω–∞–∫–æ—Å—è—á–∏–ª —Å –∫–æ–ø–∏—Ä–æ–≤–∞–Ω–∏–µ–º –∫–æ–µ-—á–µ–≥–æ, –¥—É—Ä–∞—á–æ–∫ —è )","–ê–∞, —Ö–æ—Ä–æ—à"
"–ë—Ä–æ, —è —Ç–µ–±—è –∑–∞–∫–æ–ª–µ–±—É —Å–µ–≥–æ–¥–Ω—è, –Ω–æ –±–ª–µ—Ç —É –º–µ–Ω—è —á–µ—Ç –≤—Å–µ –≤—Ä–µ–º—è –∫–∞–∫–∏–µ-—Ç–æ –∫–æ—Å—è–∫–∏ –≤—Å–ø–ª—ã–≤–∞—é—Ç—Å —ç—Ç–∏–º–∏ —É—Å—Ç–∞–Ω–æ–≤–∫–∞–º–∏ –∏ –Ω–∞—Å—Ç—Ä–æ–π–∫–∞–º–∏","–î–∞ –Ω–æ—Ä–º–∞–ª—å–Ω–æ –≤—Å–µ, —à–æ —Ç–∞–º?"
–£ —Ç–µ–±—è —Å—é–¥–∞ —Å—Ä–∞–∑—É –ø–æ–¥–∫–ª—é—á–∏–ª–æ—Å—å —á–µ—Ä–µ–∑ –±—Ä–∞—É–∑–µ—Ä?,"–ê–∞, –¥–∞, –≤–æ—Ç —Ç—É—Ç –ø—Ä–æ–±–ª–µ–º–∞ –±—ã–ª–∞, –Ω–∞ –Ω–µ–π–º–Ω–æ–¥—É –Ω–µ –∑–∞—Ö–æ–¥–∏–ª–æ, –∞ –≤–æ—Ç –Ω–∞ —Å–∞–º –º–∞–ø —Ä–µ–¥—å—é—Å –∑–∞—à–ª–æ ))))"
"–î–∞ –¥–∞, —Ç–∞–∫–∞—è –∂–µ –¥–∏—á—å",–ê –∫–æ–≥–¥–∞ –ª–æ–∫–∞–ª—å–Ω–æ –¥–µ–ª–∞–ª –±—ã–ª–æ –Ω–∞–æ–±–æ—Ä–æ—Ç –≤—Ä–æ–¥–µ
piece of shit,And kind of shit
–ù–µ —Å–æ–±–∏—Ä–∞–ª—Å—è,–ê—Ö–∞—Ö–∞—Ö
"–°–ª—É—à–∞–π, –∞ –≤ —Ç–æ–º –∂–µ —Ñ–∞–π–ª–µ —Ä–∞–∑–≤–æ—Ä–∞—á–∏–≤–∞—é—Ç—Å—è 3 –º–∞—à–∏–Ω—ã, –∞ –ø–æ—á–µ–º—É –≤ –ª–∞–±–µ –Ω–∞–ø–∏—Å–∞–Ω–æ, —á—Ç–æ –¥–æ–ª–∂–Ω–æ –±—ã—Ç—å 4",–ù–µ –≤–µ—Ä—å —ç—Ç–∏–º —Ñ–∞–π–ª–∞–º))
"–í—Å–µ, —Å–ø–∞—Å–∏–±–æ, —Å—Ç–∞—Ä–∏–Ω–∞","–î–∞–≤–∞–π, –±—Ä–∞—Ç–∏—à–∫–∞"
–ê —É –Ω–∞—Å –Ω–∞ –ø—Ä–µ–¥—Å—Ç–æ—è—â–µ–π –Ω–µ–¥–µ–ª–µ –ª–µ–∫—Ü–∏–∏ –∏–ª–∏ –ª–∞–±—ã?,–õ–µ–∫—Ü–∏–∏
–ü–æ–Ω—è–ª,–¢–∞–º –¥–∞–∂–µ —Ç–µ—Å—Ç –¥–æ–ª–∂–µ–Ω –±—ã—Ç—å –≤—Ä–æ–¥–µ
–ß–µ–≥–æ? –ö–∞–∫–æ–π?,–ü–æ—Å–º–æ—Ç—Ä–∏ –≤ —Å–∏–ª–ª–∞–±—É—Å–µ
–§–∏–≥–∞—Å–µ,–ö–∞–∫ –¥–≤–∞ –ø—Ä–µ–¥—ã–¥—É—â–∏—Ö
–í–æ—Ç —ç—Ç–æ –ø–æ–≤–æ—Ä–æ—Ç,–¢—ã –Ω–∞ –ø–∞—Ä–µ ?)
–ù–µ –Ω–µ,"–î–∞, —Ç—É—Ç"
–ê–∞,–ù—É —Ç—É—Ç –¥–∏—Å–∫—Ä–∏–ø—à–Ω –ø—Ä–æ–µ–∫—Ç–∞
–ü—Ä–µ–∑–µ–Ω—Ç–∞—Ü–∏—è –ø—Ä—è–º –µ—Å—Ç—å?,–ù—É –¥–∞
–§—É—Ç–±–æ–ª –Ω–µ –ø–æ–π–¥–µ—à—å —Å–µ–≥–æ–¥–Ω—è?,"–ø–æ–∫–∞ –Ω–µ –∑–Ω–∞—é), –ê—Ö–∞—Ö–∞—Ö–∞"
—á–æ –ø–æ—á–µ–º,"–î–æ—Ä–æ–≥–æ–≤–∞—Ç–æ –Ω—ã–Ω—á–µ, –ú–∞–∫—Å, –ø—Ä–∏–≤–µ—Ç, —Ç—ã –¥—Å —Å–¥–µ–ª–∞–ª ?"
–ù–µ—Ç,–∞ –∏—Ç ?)
–ù–µ—Ç,"(((, –ú–∞–∫—Å, –∞ —Ç—ã –¥—Å –±—É–¥–µ—à—å –¥–µ–ª–∞—Ç—å ?))"
–î–∞ —É–∂,"–ø–æ–Ω—è–ª, –ø–æ–Ω—è–ª, –±—Ä–æ), –∞—Ö–∞—Ö–∞—Ö–∞"
–ù—É–∫–∞,"—è –ø—Ä–æ—Å—Ç–æ –Ω–µ —É–≤–µ—Ä–µ–Ω, —á—Ç–æ —É—Å–ø–µ—é –¥–æ–¥–µ–ª–∞—Ç—å"
–ù–µ —Å–æ–≤—Å–µ–º –ø–æ–Ω—è–ª),–Ω—É —Ç–∞–º –Ω—É–∂–Ω–æ —Å–∫—Ä–∏–Ω—ã —Å–æ–æ–±—â–µ–Ω–∏–π –≤–æ–æ–±—â–µ–º
–ù–∞ —á—Ç–æ –º–µ–Ω—è—Ç—å,"–Ω—É –Ω–∞ –¥—Ä—É–≥–∏–µ —Å–æ–æ–±—â–µ–Ω–∏—è, —á—Ç–æ–±—ã –Ω–µ –ø–∞–ª–µ–≤–Ω–æ –±—ã–ª–æ, –∞—Ö–∞—Ö–∞—Ö—Ö–∞"
–ß–µ—Ç–∫–∏–µ –∏–Ω—Å—Ç—Ä—É–∫—Ü–∏–∏ –¥–∞–π),"–∫–æ–≥–¥–∞ —Å–¥–µ–ª–∞–µ—à—å, —Å–∫–∞–∂–µ—à—å –º–Ω–µ ?))"
–≠—Ç–æ –ø–æ –î–° –∂–µ?,da
"–ü–æ–Ω—è–ª, –ø–æ–Ω—è–ª",–æ–∫–µ–π)
"–ú—É–Ω–∏—Ä—É –Ω–∞–¥–æ —Ñ–∞–π–ª –æ—Ç–ø—Ä–∞–≤–∏—Ç—å —Å –∫–æ–¥–æ–º –∏–ª–∏ –∫ –Ω–µ–º—É –ø–æ–¥–æ–π—Ç–∏, –ø–æ–∫–∞–∑–∞—Ç—å?","—è –≤–æ—Ç –Ω–µ –∑–Ω–∞—é, –±—Ä–æ"
–ê–∞–∞,–ú–∞–∫—Å–∏–º–∫–∞
–í—á–µ—Ä–∞ –≤–µ—á–µ—Ä–æ–º —Å–¥–µ–ª–∞–ª –¥–ª—è –ø–µ—Ä–≤–æ–≥–æ —Å–∞–º–±–∏—à–Ω–∞,—Ç–∞–º —Å–ª–æ–∂–Ω–æ ?
"–ù–µ—Ç, –µ—Å–ª–∏ –∑–Ω–∞—Ç—å —á—Ç–æ –±—Ä–∞—Ç—å –∏–∑ –ª–∞–±","–Ω–µ –ø–æ–¥—Å–∫–∞–∂–µ—à—å, –∏–∑ –∫–∞–∫–∏—Ö –ª–∞–± –≤–æ–æ–±—â–µ –Ω–∞–¥–æ –±—Ä–∞—Ç—å ?"
–¢–∞–º 10-11 –≤—Ä–æ–¥–µ,"–ú–∞–∫—Å, –ø—Ä–∏–≤–µ—Ç, —É —Ç–µ–±—è –Ω–µ –±—ã–ª–æ —Ç–∞–∫–æ–π –æ—à–∏–±–∫–∏ –≤ –∞—Å—Å–∞–π–º–µ–Ω—Ç–µ –ø–æ –º–ª ?"
–ù–µ—Ç,"–î–∞, —ç—Ç –ø–æ–Ω—è–ª, –ø—ã—Ç–∞—é—Å—å –≤–æ—Ç —Ñ–∏–∫—Å–∏—Ç—å"
–î–∞,–ú–∞–∫—Å–∏–º–∫–∞ –∞ —Ç—ã —á–µ–º –∑–∞–Ω—è—Ç ?)
–ü—Ä–µ–æ–±—Ä–∞–∑–æ–≤–∞–Ω–∏–µ –§—É—Ä—å–µ —Ç—ã–∫–∞—é,"—è —á–µ—Ç –ø–æ–ø—ã—Ç–∞–ª—Å—è –ø–æ—Ñ–∏–∫—Å–∏—Ç—å, –Ω–æ–≤–∞—è –æ—à–∏–±–∫–∞"
–ù–∞ —Ñ–∏–ª–æ—Å–æ—Ñ–∏—é —â–∞ –ø–æ–π–¥—É,"–º–æ–∂–µ—à—å –Ω–∞ –º–æ–π –∫–æ–¥ –≥–ª—è–Ω—É—Ç—å, –∫–∞–∫ –æ—Å–≤–æ–±–æ–¥–∏—à—å—Å—è ?"
–õ–∞–¥–Ω–æ,–ø–æ—Å–ª–µ —Ñ–∏–ª–æ—Å–æ—Ñ–∏–∏ —Ç–æ–≥–¥–∞ ?
–î–∞,–æ–∫–∏
–•–æ—Ä–æ—à–æ,"–∞—Ö–∞–∞—Ö–∞—Ö, –ú–∞–∫—Å"
–î–∞,–ù–µ –Ω–∞–ø–∏—Å–∞–ª –≤—á–µ—Ä–∞ (
"–ê —Ñ–∞–∫, –∑–∞–±—ã–ª, —Å–æ—Ä–∏","–Ø –∫–æ—Ä–æ—á –ø–æ—Ñ–∏–∫—Å–∏–ª –≤—Å–µ, –Ω–æ —É –º–µ–Ω—è —Ç–æ–ª—å–∫–æ 57 –∞–∫–∫—É—Ä—É—Å–∏("
—á—É—Ç–∫–∞ –±–æ–ª—å—à–µ 60,"–¢—ã –º–æ–∂–µ—à—å –ø–æ—Å–º–æ—Ç—Ä–µ—Ç—å –∫–æ–¥, –º–æ–∂–µ—Ç –ø–æ–π–º–µ—à—å –∫–∞–∫ –±–æ–ª—å—à–µ 60 —Å–¥–µ–ª–∞—Ç—å?"
"–Ø –∞—Ä—Ö–∏—Ç–µ–∫—Ç—É—Ä—É –¥–ª—è —Å–µ—Ç–∫–∏ –¥—Ä—É–≥—É—é –±—Ä–∞–ª, –∏–∑-–∑–∞ —ç—Ç–æ–≥–æ –º–æ–∂–µ—Ç","–ù—É –≤–æ–æ–±—â–µ –≤ —Ü–µ–ª–æ–º –º–æ–∂–µ—Ç, —á—Ç–æ –ø–æ–π–º–µ—à—å)"
–Ø –ø–æ–∫–∞ IT –∞—Å—Å–∞–π–Ω–º–µ–Ω—Ç –¥–µ–ª–∞—é),"–ê–∞, –Ω—É –ª–∞–Ω)), –ú–∞–∫—Å, –ø–æ–¥—Å–∫–∞–∂–∏, –æ–ø—Ç–∏–º–∞–π–∑–µ—Ä –º–æ–∂–µ—Ç —É–≤–µ–ª–∏—á–∏—Ç—å –∞–∫–∫—É—Ä—É—Å–∏ ?"
"–µ—Å–ª–∏ —Ç—ã Adam –∏—Å–ø–æ–ª—å–∑—É–µ—à—å, —Ç–æ –≤—Ä–æ–¥–µ —É–∂–µ –Ω–æ—Ä–º",–Ω—É —è –≤–æ—Ç sgd –∏—Å–ø–æ–ª—å–∑—É—é
–ª—É—á—à–µ Adam –±–∞—Ö–Ω–∏,—â–∞—Å –ø–æ–ø—Ä–æ–±—É—é
"optimizer = torch.optim.Adam(your_parameters, lr=1.0e-3)",–ú–∞–∫—Å—ã–º–∫–∞
–î–∞,—Ç—ã –∑–∞–Ω—è—Ç ?
–ù–µ—Ç,–º–æ–∂–µ—à—å –º–Ω–µ —Å–æ–≤–µ—Ç –ø–æ –º–æ–µ–º—É –∫–æ–¥—É –¥–∞—Ç—å ?)
"–ß–µ—Å—Ç–Ω–æ —Å–∞–º –Ω–µ –∑–Ω–∞—é, –æ–±—ã—á–Ω–æ –ø—Ä–æ—Å—Ç–æ –±–æ–ª—å—à–µ —Å–ª–æ–µ–≤ –≤—Å—è–∫–∏—Ö –¥–æ–±–∞–≤–∏—Ç—å –Ω–∞–¥–æ –≤ —Å–µ—Ç–∫—É",—è –≤–æ—Ç –¥–æ–±–∞–≤–ª—è—é
–ú–∞–∫—Å–∏–º—É–º 65 –±—ã–ª–æ,–Ω–∞ 10 —ç–ø–æ—Ö–∞—Ö ?
"–ù–µ–∞, 40 –≥–¥–µ-—Ç–æ",–∞ –Ω–∞ 10 —É —Ç–µ–±—è –≤—ã—Ö–æ–¥–∏–ª–æ –±–æ–ª—å—à–µ 60 ?
–ù–µ—Ç –µ—â–µ,"–ø–æ–Ω—è–ª, –ú–∞–∫—Å, —Å–ª—É—à–∞–π, –∞ —É –Ω–∞—Å –∂–µ –ø–æ–ª—É—á–∞–µ—Ç—Å—è –Ω–∞ –ø–æ—Å–ª–µ–¥–Ω–µ–π —ç–ø–æ—Ö–µ —É–∂–µ –¥–æ–ª–∂–µ–Ω –±—ã—Ç—å –±–æ–ª—å—à–µ 60 ?"
–Ø –≤–æ—Ç —Ç–æ—á–Ω–æ –Ω–µ –∑–Ω–∞—é,–ø—Ä–æ—Å—Ç–æ —É –º–µ–Ω—è —Ç–∞–∫–∞—è –¥–∏—á—å –µ—Å—Ç—å
–î–∞ –º–Ω–µ –∫–∞–∂–µ—Ç—Å—è –Ω–∏–∫—Ç–æ –Ω–µ –±—É–¥–µ—Ç —ç—Ç–æ –ø—Ä–æ–≤–µ—Ä—è—Ç—å,–Ω–∞ 5 —ç–ø–æ—Ö–µ –±–æ–ª—å—à–µ 60 —Å—Ç–∞–ª–æ –∏ –ø–æ—Ç–æ–º –≤–Ω–∏–∑
"–ù–µ –≤—Å–µ–≥–¥–∞, —Ç–∞–º –º–æ–∂–µ—Ç –∏ —É—Ö—É–¥—à–∞—Ç—å—Å—è, —Ç–æ—á–Ω—É—é –ø—Ä–∏—á–∏–Ω—É –Ω–µ —Å–º–æ–≥—É –Ω–∞–∑–≤–∞—Ç—å",–ø–æ–Ω—è–ª)
"–Ω–µ—Ç, —Ç–∞–º –º–∞–∫—Å–∏–º—É–º –æ–∫–æ–ª–æ 58-59 –±—ã–ª","–ø–æ–Ω—è–ª, –ø–æ–Ω—è–ª"
–¥–∞,Discuss the results with regards to Domain Adaptation.
"–Ø –ø—Ä–æ —ç—Ç–æ –≤ —Ä–µ–∑—É–ª—å—Ç–∞—Ç–∞—Ö –Ω–µ –ø–∏—Å–∞–ª, –≤ –º–æ—Ç–∏–≤–∞—Ü–∏–∏ –æ–±—â–∏–º–∏ —Å–ª–æ–≤–∞–º–∏ —á–µ—Ç –æ–ø–∏—Å–∞–ª —Å —á–µ–º —ç—Ç–æ —Å–≤—è–∑–∞–Ω–æ, –∫–∞–∫ —Ç–∞–º –Ω–∞–ø–∏—Å–∞–Ω–æ ), –¢—ã —Å–¥–µ–ª–∞–ª –ª–∞–±—É 5-6 –ø–æ big data?",–Ω–µ–µ((
"–ø–æ–Ω—è–ª, –≤—ã–∑–¥–æ—Ä–∞–≤–ª–∏–≤–∞–π –¥–∞–≤–∞–π",–∞ —É –Ω–∞—Å —Å–µ–π—á–∞—Å –∫–∞–∫–∞—è –Ω–µ–¥–µ–ª—è ?
–Ω–µ–¥–µ–ª—è –ª–∞–±,"–Ω—É —Ç–æ –µ—Å—Ç—å 12,13 —Ç–∞–º ))"
–ß–µ—Ä—Ç –∑–Ω–∞–µ—Ç)),–∞ —Ç–æ —è —Ç–∞–∫ –Ω–∏—Ö–µ—Ä–∞ –Ω–µ —Å–¥–∞–º )
–í–æ—Ç –≤–æ—Ç,"—Å–ª—É—à–∞–π, –∞ —Ç—ã —Å–∏–¥—ã –¥–æ–±–∞–≤–ª—è–ª ?"
"–î–∞, –¥–æ–±–∞–≤–ª—è–ª",–∞ –∫–∞–∫ —ç—Ç–æ –¥–µ–ª–∞–µ—Ç—Å—è –∏ –≥–¥–µ ?
random.seed(0)np.random.seed(0)torch.manual_seed(0)torch.cuda.manual_seed(0)torch.backends.cudnn.deterministic = Truewarnings.filterwarnings('ignore'),"–∞–∞, —Ç–æ –µ—Å—Ç—å —ç—Ç–æ –≤—Å–µ –≤–º–µ—Å—Ç–æ –º–æ–µ–π –≤–æ—Ç —ç—Ç–æ–π –¥–∏—á–∏"
–¥–∞,"—Ö–æ—Ä–æ—à–æ, —Å–ø–∞—Å–∏–±–æ !,     –∞ –ø–µ—Ä–≤–æ–µ —ç—Ç–æ —á—Ç–æ ?,     –∞ –ø–µ—Ä–≤–æ–µ —ç—Ç–æ —á—Ç–æ ?,     —ç—Ç–æ –ø–æ–ª—É—á–∞–µ—Ç—Å—è —Ç—Ä–µ–π–Ω–∏—Ç—å –∏ —Ç–µ—Å—Ç–∏—Ç—å –Ω–∞ –æ–¥–Ω–æ–º –¥–∞—Ç–∞ –ª–æ–∞–¥–µ—Ä–µ –Ω—É–∂–Ω–æ ?,     —ç—Ç–æ –ø–æ–ª—É—á–∞–µ—Ç—Å—è —Ç—Ä–µ–π–Ω–∏—Ç—å –∏ —Ç–µ—Å—Ç–∏—Ç—å –Ω–∞ –æ–¥–Ω–æ–º –¥–∞—Ç–∞ –ª–æ–∞–¥–µ—Ä–µ –Ω—É–∂–Ω–æ ?, –ü—Ä–∞–≤–∏–ª—å–Ω–æ –∂–µ, –¥–∞, –ú–∞–∫—Å ?"
"–§–∞–∫, —è —ç—Ç–æ –Ω–µ —Å–¥–µ–ª–∞–ª) –Ω–æ –≤–∏–¥–∞—Ç—å —Ç–∞–∫",–ü–æ–ª—É—á–∞–µ—Ç—Å—è –Ω–∞ —Ç—Ä–µ–π–Ω –ª–æ–∞–¥–µ—Ä–µ —Ç—Ä–µ–π–Ω–∏–º –∏ —Ç–µ—Å—Ç–∏–º ?
—Ç–∞–º –∂–µ –º–æ–∂–Ω–æ –¥–≤–∞ –ª–æ–∞–¥–µ—Ä–∞ —Å–æ–∑–¥–∞—Ç—å,–ù—É –¥–∞
"–©–∞ —É —Å–µ–±—è —Å–¥–µ–ª–∞—é, –ø–æ–∫–∞ –Ω–µ –º–æ–≥—É —Å–∫–∞–∑–∞—Ç—å —Ç–æ—á–Ω–æ",–û–∫–∏
"–¢—ã –ø—Ä–æ—Å—Ç–æ –≤ DataLoader —Ä–∞–∑–Ω—ã–µ –¥–∞–Ω–Ω—ã–µ –ø–µ—Ä–µ–¥–∞–µ—à—å, –Ω–æ –ª–æ–∞–¥–µ—Ä –ø–æ–ª—É—á–µ—Ç—Å—è —Ä–∞–∑–Ω—ã–π",–ù—É —Ç–æ –µ—Å—Ç—å –≤ —Ä–∞–∑–Ω—ã–µ –ª–æ–∞–¥–µ—Ä—ã –º—ã –ø–µ—Ä–µ–¥–∞–µ–º –æ–¥–∏–Ω –∏ —Ç–æ—Ç –∂–µ —Å–µ—Ç?
—Ä–∞–∑–Ω—ã–µ —É–∂,"–ê–∞–∞, –ú–∞–∫—Å, –∞ –∫–æ–¥ –ø–æ–ª—É—á–∞–µ—Ç—Å—è –¥–æ–ª–∂–µ–Ω –≤—ã–≤–æ–¥–∏—Ç—å –æ–¥–Ω–æ –∑–Ω–∞—á–µ–Ω–∏–µ —Ç–æ–ª—å–∫–æ?"
–∞ –≥–¥–µ –æ–Ω –∑–¥–µ—Å—å?,–Ω—É —Ç–∏–ø –ø–æ—Ç–æ–º —è —ç—Ç–∏ –ª–æ–∞–¥–µ—Ä—ã –∫–∏–¥–∞—é –≤ —Ç—Ä–µ–π–Ω –∏ —Ç–µ—Å—Ç
–Ω—É –Ω–æ—Ä–º –¥–∞,–∞ —Å–≤—Ö–Ω —Ç—Ä–µ–π–Ω –ø–æ–ª—É—á–∞–µ—Ç—Å—è –∫–∞–∫ ?
–¥–∫ —Ç—ã –∂–µ –µ–≥–æ –∫–∏–¥–∞–µ—à—å –≤ –ª–æ–∞–¥–µ—Ä —Ç–æ–∂–µ –∏ –ø–æ—Ç–æ–º –ª–æ–∞–¥–µ—Ä –∑–∞–∫–∏–¥—ã–≤–∞–µ—à—å –≤ —Ñ—É–Ω–∫—Ü–∏—é,–Ω—É —Ç–∏–ø –æ–¥–∏–Ω –ª–æ–∞–¥–µ—Ä –≤ –¥–≤–µ —Ñ—É–Ω–∫—Ü–∏–∏ –∏–º–µ–µ—à—å –≤ –≤–∏–¥—É ?
"–í—Ä–æ–¥–µ, –Ω–æ—Ä–º–∞—Å, —á–µ—Ä—Ç –∑–Ω–∞–µ—Ç –∫–∞–∫–∏–µ —Ç–∞–º –∫—Ä–∏—Ç–µ—Ä–∏–∏","–ø–æ–Ω—è–ª, —Å–ø–∞—Å–∏–±–∫–∏ )"
Imad flex,–∞—Ö–∞—Ö–∞—Ö—Ö–∞–∞—Ö–∞—Ö
"–ø—Ä–æ–≥–æ–Ω—è–µ—Ç –∏–Ω–ø—É—Ç –æ—Ç –ø–µ—Ä–≤–æ–≥–æ —Å–ª–æ—è –∫ –ø–æ—Å–ª–µ–¥–Ω–µ–º—É, –¥–µ–ª–∞—è –≤—ã—á–∏—Å–ª–µ–Ω–∏—è, –æ–ø–∏—Å–∞–Ω–Ω—ã–µ —Ç–æ–±–æ–π","–ø–æ–Ω—è–ª, —Å–ø–∞—Å–∏–±–∫–∏), –ú–∞–∫—Å–∏–º"
–î–∏—á—å –∫–∞–∫—É—é-—Ç–æ –∏ –ø–æ—Ç–æ–º –∞–∫–∫—É—Ä–∞—Å–∏,–∞ —Ç—ã –≤—ã–≤–æ–¥–∏—à—å –º–∞–∫—Å–∏–º–∞–ª—å–Ω—É—é –∞–∫–∫—É—Ä—É—Å–∏ –∏–∑ –≤—Å–µ—Ö –∏–ª–∏ —Ç–æ–ª—å–∫–æ –ø–æ—Å–ª–µ–¥–Ω—é—é ?
–ü–æ–∫–∞, –î–æ —Å–≤–∏–¥–∞–Ω–∏—è))
–ü–æ–π–¥–µ–º –≥—É–ª—è—Ç—å?, –ö—É–¥–∞ –ø—Ä–µ–¥–ª–æ–∂–∏—à—å —Å—Ö–æ–¥–∏—Ç—å?
–ü—Ä–æ—Å—Ç–æ –ø—Ä–æ–π—Ç–∏—Å—å, –Ω—É –≤–æ–æ–±—â–µ-—Ç–æ –º–æ–∂–Ω–æ
python,"–ú–∞–∫—Å, –ø—Ä–∏–≤, –Ω–µ —Å–ø–∏—à—å ?"
–ù–µ—Ç —É–∂–µ),—É–∂–µ))
–í—ã –±–¥ –∑–∞–ª–∏–ª–∏?,"–Ø –≤–æ—Ç –Ω–∞ –∫–ª–∞—Å—Ç–µ—Ä–µ —Å–µ–π—á–∞—Å –ø—Ä–æ–±—É—é –∑–∞–ø—É—Å—Ç–∏—Ç—å, —Ç–∞–∫ –≤—Ä–æ–¥–µ –±—ã –≤—Å–µ —Å–¥–µ–ª–∞–ª–∏"
–ü–æ–ª—É—á–∞–µ—Ç—Å—è –∑–∞–ø—É—Å—Ç–∏—Ç—å?,–ü–æ–∫–∞ –Ω–µ—Ç üòÇ
–û–∫,"–ú–∞–∫—Å, —Ç—ã —Ç—É—Ç ?"
–í—É—á–µ—Ä–∫–æ–º,+
–° —á–µ–º?,–° –±–¥—à–∫–æ–π
"–î–∞–Ω–∏—Å –∑–∞–ª–∏–ª, –Ω–æ —Ç–∞–º –∫–∞–∫–∏–µ-—Ç–æ –æ—à–∏–±–∫–∏ –≤–æ –≤—Ä–µ–º—è –∑–∞–ø–∏—Å–∏ –≤ —Ñ–∞–π–ª","–î–∞ –≤—Ä–æ–¥–µ –Ω–æ—Ä–º, —Ç–æ–∫ –¥–æ —Ä–µ–ø–æ—Ä—Ç–∞ —á–µ–ª –¥–æ–µ–±—ã–≤–∞–µ—Ç—Å—è"
–ö–∞–∫–æ–π?,–í –∫–æ–º–∞–Ω–¥–µ))
–ï—Å–ª–∏ —á—Ç–æ –º—ã —É –≤–∞—Å —Ç–∞–º –≤–æ–∑—å–º–µ–º –ø—Ä–∏–º–µ—Ä—ã ?,"–°–∫–∏–Ω—É, —á—Ç–æ –Ω—É–∂–Ω–æ –±—É–¥–µ—Ç, –ú–∞–∫—Å, –∫–∞–∫ –æ–Ω–æ ?"
–î–∞,—É –≤–∞—Å –≤–æ —Å–∫–æ–ª—å–∫–æ –ª–∞–±—ã ?
17 –≤—Ä–æ–¥–µ,–≤—Å–µ –ø–æ –ø–ª–∞–Ω—É ?)
–î–∞,–æ–∫–∏
"–ë—Ä–æ, —É –Ω–∞—Å —Ç—É—Ç –¥–æ–º–∞—à–∫–∞ –Ω–µ –¥–æ–¥–µ–ª–∞–Ω–∞, –µ—Å–ª–∏ –Ω–µ —É—Å–ø–µ—é –∫–æ–µ —Å —á–µ–º —Ä–∞–∑–æ–±—Ä–∞—Ç—å—Å—è, –Ω–µ –∑–Ω–∞—é –ø–æ–π–¥—É –ª–∏ —Å–µ–≥–æ–¥–Ω—è –Ω–∞ –ª–∞–±—É, –∫ –Ω–µ–º—É –≤—Ä–æ–¥–µ –µ—â–µ –∑–∞–≤—Ç—Ä–∞ –º–æ–∂–Ω–æ –±—É–¥–µ—Ç —Å—Ö–æ–¥–∏—Ç—å","—Ö–æ—Ä–æ—à–æ, –æ—Ç–ø–∏—à–∏, —á—Ç–æ –¥–∞ –∫–∞–∫)"
üëç,–ó–∞–≤—Ç—Ä–∞ —Ç–æ–≥–¥–∞ –ø–æ–π–¥–µ–º ?)
"–î–∞ –ø–æ–≥–Ω–∞–ª–∏, –∑–∞–≤—Ç—Ä–∞","–∞ —Ç—ã –æ—Ç–∫—É–¥–∞ —É–∑–Ω–∞–ª, —á—Ç–æ –º–æ–∂–Ω–æ –∑–∞–≤—Ç—Ä–∞ –∫ –Ω–µ–º—É ?"
"    –æ–Ω –±—É–¥–µ—Ç —Ç–∏–ø –∏ —Å–µ–≥–æ–¥–Ω—è –≤ 19 –∏ –∑–∞–≤—Ç—Ä–∞ –≤ 17?,     –æ–Ω –±—É–¥–µ—Ç —Ç–∏–ø –∏ —Å–µ–≥–æ–¥–Ω—è –≤ 19 –∏ –∑–∞–≤—Ç—Ä–∞ –≤ 17?,     –¥–≤,     –¥–≤","–æ–∫–µ–π, —Ö–æ—Ä–æ—à–æ"
–í—Ä–æ–¥–µ –º–æ–∂–Ω–æ –≤–µ—Ä–∏—Ç—å,)
–∏–Ω–∞—á–µ –º—ã –µ–µ –Ω–∞–∫–∞–∂–µ–º,–∞—Ö–∞—Ö–∞—Ö
–∞–∞ –ø–µ—Ä–≤—ã–µ –¥–≤–µ –≥–¥–µ –¥–æ–∫–µ—Ä –∏ –≤–∞–≥—Ä–∞–Ω—Ç,"–∞–∞, –∫—Ä–∞—Å–∞–≤—á–∏–∫)"
–î–∞–Ω–∏—Å –ë–æ–≥–æ–º —Å—Ç–∞–ª,"–¥–∞, –ª–æ–ª )))0)"
"–≤ –Ω–∞—Ç—É—Ä–µ, —è –ø–æ–¥—É–º–∞–ª, —á—Ç–æ –∫–æ –º–Ω–µ –∫–∞–∫–æ–π-—Ç–æ —Å–µ–∫—Ç–∞–Ω—Ç –Ω–∞–ø—Ä–∞–∏—à–≤–∞–µ—Ç—Å—è",–∞—Ö–∞—Ö–∞—Ö—Ö–∞
"–Ø –ø–æ–Ω—è–ª),     –¥–æ —É—Ç—Ä–∞ —á–µ—Ç–≤–µ—Ä–≥–∞, –º–æ–∂–Ω–æ —Å–∫–∏–Ω—É—Ç—å –∞—Ä—Ö–∏–≤ —Å —Ñ–æ—Ç–æ–≥—Ä–∞—Ñ–∏—è–º–∏ –∫–æ—Ç–æ—Ä—ã–µ –ø–æ–ª–Ω–æ—Å—Ç—å—é –ø–æ–∫–∞–∂—É—Ç —á—Ç–æ —Ä–∞–±–æ—Ç–∞ –≤—ã–ø–æ–ª–Ω–µ–Ω–∞, –¥–ª—è –∫–∞–∂–¥–æ–π –ª–∞–±—ã –∞—Ä—Ö–∏–≤ —Ç–∞–∫–æ–π–°–¥–∞–≤–∞—Ç —å–≤ —Ç–µ–ª–µ–≥—Ä–∞–º–º,     –¥–æ —É—Ç—Ä–∞ —á–µ—Ç–≤–µ—Ä–≥–∞, –º–æ–∂–Ω–æ —Å–∫–∏–Ω—É—Ç—å –∞—Ä—Ö–∏–≤ —Å —Ñ–æ—Ç–æ–≥—Ä–∞—Ñ–∏—è–º–∏ –∫–æ—Ç–æ—Ä—ã–µ –ø–æ–ª–Ω–æ—Å—Ç—å—é –ø–æ–∫–∞–∂—É—Ç —á—Ç–æ —Ä–∞–±–æ—Ç–∞ –≤—ã–ø–æ–ª–Ω–µ–Ω–∞, –¥–ª—è –∫–∞–∂–¥–æ–π –ª–∞–±—ã –∞—Ä—Ö–∏–≤ —Ç–∞–∫–æ–π–°–¥–∞–≤–∞—Ç —å–≤ —Ç–µ–ª–µ–≥—Ä–∞–º–º, –í–æ –Ω–∞—Ö",–ù–∞–π—Å—Å—Å—Å
–º–æ–π –Ω–∏–∫ —Å—Ç–æ–∏—Ç maxos,–ê —Ç–∞–º –∂–µ –º–æ–∂–Ω–æ –ø–æ–º–µ–Ω—è—Ç—å ?))
–¢–µ–±–µ –Ω–∞–¥–æ –∞–ø–∏–ª–∏—Ç—å —Ç–µ—Å—Ç 3? –¢–∞–º —Ç–æ–ª—å–∫–æ —Å–µ–≥–æ–¥–Ω—è –º–æ–∂–Ω–æ,"–ê–∞, –≤—Å–µ, –∑–∞–µ–±–∏—Å—å"
–£ –≤–∞—Å –ø—Ä–∏–≤–≤–∞—Ç–Ω—ã–π —Ä–µ–ø–æ–∑–∏—Ç–æ—Ä–∏–π –ø–æ –±–∏–≥–¥–∞—Ç–µ?,"–°–µ–π—á–∞—Å –ø—Ä–∏–≤–∞—Ç–Ω—ã–π —Å—Ç–æ–∏—Ç,     –ø–µ—Ä–≤—ã–π?"
    –ø–µ—Ä–≤—ã–π?,    –¥–∞
"    –¥–∞, –•–æ–º—è–∫–∞ –Ω–∞–¥–æ –≤—Å—Ç–∞–≤–∏—Ç—å —á–µ—Ç–≤–µ—Ä—Ç—ã–º, –æ–Ω –Ω–µ –≤–ª–∞–∑–∏—Ç",–ê—Ö–∞—Ö–∞—Ö–∞—Ö–∞—Ö–∞—Ö
"–ù–∞–≤–µ—Ä–Ω–æ –¥–∞, –Ω–∞–¥–æ —Å–¥–µ–ª–∞—Ç—å –¥–æ–º –ø—É–±–ª–∏—á–Ω—ã–º",–î–∞–±—ã –•–æ–º—è–∫ –≤–ª–µ–∑
"–ù—É—É, –í—Å–µ–≥–¥–∞ –≥–æ—Ç–æ–≤",–Ø —á—ë—Ç –Ω–∏—Ö—É—è ((((((
–£ –≤–∞—Å –µ—Å—Ç—å —Ç–æ–ø –ø–æ –∫–æ–ª–∏—á–µ—Å—Ç–≤—É –≤—Å—Ç—Ä–µ—á–∞–µ–º—ã—Ö —Å–ª–æ–≤ –≤ —Ä–µ–ø–æ—Ä—Ç–µ?,–î–∞
–≠—Ç–æ—Ç —Å—Ç—Ä–∏–º –≤–æ–æ–±—â–µ –±–µ—Å–∫–æ–Ω–µ—á–Ω—ã–π —á—Ç–æ–ª–∏?,–í—Ä–æ–¥–µ –±—ã –¥–∞
–±–ª—è,"–ü–æ–∫–∞ —Ç–≤–∏—Ç—ã –Ω–µ –∑–∞–∫–æ–Ω—á–∞—Ç—Å—è –º–± ))0), –ß—Ç–æ –∑–Ω–∞—á–∏—Ç —Å–Ω—ç–ø—à–æ—Ç—ã –∞–æ–º–º–∏—Ç–æ–≤ ?)"
"–ß–µ—Ä—Ç –∑–Ω–∞–µ—Ç, –°–ª—É—à–∞–π –∫–∞–∫ —É –≤–∞—Å –∫–∞—É–Ω—Ç–µ—Ä —Å–ª–æ–≤ –Ω–∞–ø–∏—Å–∞–Ω?","–û—Ö —ç—Ç–æ —É –Ω–∞—Å –¥—Ä—É–≥–æ–π —á–µ–ª –¥–µ–ª–∞–ª, –ú–∞–∫—Å, –ø—Ä–∏–≤, —Å–¥–µ–ª–∞–µ–º —Å–∫—Ä–∏–Ω—ã –ø–æ –±–¥?))"
"–î–∞, –ø–æ–ø–æ–∑–∂–µ, –±—Ä–æ","oki, –¢—ã –∫–æ–≥–¥–∞ —Å–∫—Ä–∏–Ω—á–∏–∫–∏ –ø–ª–∞–Ω–∏—Ä—É–µ—à—å –º—É—Ç–∏—Ç—å?))"
–ß–∞—Å–∏–∫–æ–≤ –≤ 9 –Ω–∞–≤–µ—Ä–Ω–æ,"–û–∫–∏, –º–æ–∂–µ—à—å —Å–æ–∑–¥–∞—Ç—å –º–Ω–µ —é–∑–µ—Ä–∞ ?"
–£–≥—É,"–û–∫–∏, –ú–∞–∫—Å, –∫–∞–∫ —É—Å–ø–µ—Ö–∏ ?"
"–ù–∏–∫–∞–∫, —è –≤ –∫–∞—Ñ–µ—à–∫–µ –µ–º",–ê–∞–∞–∞
"–©–∞ –≤—Å–µ –±—É–¥–µ—Ç, –¥–æ–µ–¥–∞—é —É–∂–µ",–æ–∫–∏
–¢–µ–±–µ –∫–∞–∫–∏–µ –Ω—É–∂–Ω—ã –õ–∞–±—ã?,"5,6,7"
"–©–∞ –ø–æ–ø—Ä–æ–±—É–µ–º, 5 —Ç–∞–∫ –ø–æ–π–¥–µ—Ç?","–¥–∞, –ø–æ–π–¥–µ—Ç"
–©–∞,—Ç–∞–º —Ç–æ–∫ –æ–¥–Ω–∞ —Ñ–æ—Ç–∫–∞ –Ω—É–∂–Ω–∞ ?
–≤—Ä–æ–¥–µ –¥–∞,"–∞–∞, –¥–∞–≤–∞–π –±—Ä–æ"
"—â–∞ –¥–æ–¥–µ–ª–∞—é —Ç–µ–±–µ, –¥–∞ —Å–∫–∏–Ω—É","–ø–æ–Ω—è–ª, –±—Ä–æ"
–û–∫,"–ú–∞–∫—Å, –ø—Ä–∏–≤–µ—Ç"
–ù–µ—Ç,–∞ –∫—Ç–æ –≤ —Ç–æ—Ç —Ä–∞–∑ –¥–µ–ª–∞–ª ?)
–ù–µ –∑–Ω–∞—é) –ê–ª–∏ —Å–∫–∏–Ω—É–ª –≤—Ä–æ–¥–µ —á—å—é-—Ç–æ,–ø–æ–¥–µ–ª–∏—à—å—Å—è ?)
"–≠—Ç–æ –≤ –ø—Ä–æ—à–ª—ã–π —Ä–∞–∑, —Å–µ–π—á–∞—Å –µ—â—ë –Ω–µ—Ç—É, –Ω–æ —Å–∫–∏–Ω—É","–æ–∫–∏, –î–æ–∫ –Ω–µ –ø–æ—è–≤–∏–ª—Å—è ?"
–ù–µ–∞,—à–æ –ø–æ –ª–∏–Ω–∫—É 7)
"–ß–µ—Ç –Ω–µ—Ç –Ω–∏—á–µ,
https://docs.google.com/spreadsheets/d/1znM8YxtW025_mw04t0w9egN-i__67egyOSjUVM5wbC8/edit#gid=1985651093
","–°—É–ø–µ—Ä !, –ê—Ö–∞—Ö–∞—Ö–∞—Ö–∞—Ö–∞—Ö, –ú–∞–∫—Å–∏–º, –ø—Ä–∏–≤–µ—Ç–ú–æ–≥—É —Ç–µ–±–µ –ø–∞—Ä—É –≤–æ–ø—Ä–æ—Å–æ–≤ –∑–∞–¥–∞—Ç—å –ø–æ IR?"
"–ó–¥–∞—Ä–æ–≤, –¥–∞–≤–∞–π","–¢—ã –∂–µ —Å–¥–µ–ª–∞–ª –∞—Å—Å–∞–π–º–µ–Ω—Ç? –í–æ—Ç —Ç—É—Ç –≥–æ–≤–æ—Ä–∏—Ç—Å—è,—á—Ç–æ download —Å–∫–∞—á–∏–≤–∞–µ—Ç –±–∏–Ω–∞—Ä–Ω—É—é –¥–∞—Ç—É, request.get() —è –∏—Å–ø–æ–ª—å–∑—É—é, –æ–Ω –∂–µ –ø–æ–ª—É—á–∞–µ—Ç—Å—è —Ö—Ç–º–ª, —ç—Ç–æ —Ç–æ, —á—Ç–æ –Ω—É–∂–Ω–æ –∏–ª–∏ –±–∏–Ω–∞—Ä–Ω—É—é –¥–∞—Ç—É –ø–æ –¥—Ä—É–≥–æ–º—É –∫–∞–∫ —Ç–æ –º–æ–∂–Ω–æ –ø–æ–ª—É—á–∏—Ç—å?"
–≠—Ç–æ –∏ –ø–æ–ª—É—á–∞–µ—Ç—Å—è –≤—Ä–æ–¥–µ –∫–∞–∫ –±–∏–Ω–∞—Ä–Ω–∞—è –¥–∞—Ç–∞,"–≠—Ç–æ –º–µ–Ω—è –Ω–µ–º–Ω–æ–≥–æ –≤ —Ç—É–ø–∏–∫ –≤–≤–µ–ª–æ, –±–∏–Ω–∞—Ä–Ω–∞—è –¥–∞—Ç–∞ –∂–µ 0 –∏ 1, –∞ —Ç—É—Ç –∫–∞–∫ –µ–µ –ø–æ–ª—É—á–∏—Ç—å, –Ω—É —è —Ç–æ–∂–µ —Ç–∞–∫ –ø–æ–Ω—è–ª, —á—Ç–æ –æ–Ω–æ –∏ –µ—Å—Ç—å"
–ü—Ä–∏ —Å–æ—Ö—Ä–∞–Ω–µ–Ω–∏–∏ –æ–Ω –∫–∞–∫ —Ä–∞–∑ –ø—Ä–æ—Å–∏—Ç —Å–æ—Ö—Ä–∞–Ω—è—Ç—å –∫–∞–∫ –±–∏–Ω–∞—Ä–Ω—ã–π —Ñ–∞–π–ª,"–ù—É —è –≤–æ—Ç —Ç–∞–∫ —Å–¥–µ–ª–∞–ª, –∫–∞–∫ –ø–æ–Ω—è–ª, –ú–∞–∫—Å–∏–º, –ø—Ä–∏–≤–µ—Ç–°–ª—É—à–∞–π, –º–æ–∂–µ—à—å –ø–æ–¥—Å–∫–∞–∑–∞—Ç—å –∫–∞–∫ —Ç—ã –¥–µ–ª–∞–ª load –º–µ—Ç–æ–¥? –ö–∞–∫ —Å –∂–µ—Å—Ç–∫–æ–≥–æ –¥–∏—Å–∫–∞ –±—Ä–∞—Ç—å –∏–Ω—Ñ—É?"
–ü—Ä–æ—Å—Ç–æ —Å—á–∏—Ç—ã–≤–∞–Ω–∏–µ–º —Ñ–∞–π–ª–∞ –≤ –±–∏–Ω–∞—Ä–Ω–æ–º —Ä–µ–∂–∏–º–µ –¥–µ–ª–∞–ª,–° –ø–æ–º–æ—â—å—é —Ä–µ–∫–≤–µ—Å—Ç–∞?
"–ù–µ—Ç, –æ–±—ã—á–Ω–æ–µ —Å—á–∏—Ç—ã–≤–∞–Ω–∏–µ —Ñ–∞–π–ª–∞ –∏—Å–ø–æ–ª—å–∑–æ–≤–∞–ª","–ü–æ–Ω—è–ª, –Ω–∞—Å—á–µ—Ç download —á—Ç–æ –¥—É–º–∞–µ—à—å ? –ü—Ä–∞–≤–∏–ª—å–Ω–æ –∏–ª–∏ –¥–∏—á—å —Å–¥–µ–ª–∞–ª?"
–ù–æ—Ä–º –∂–µ,"–ü–æ–Ω—è–ª, —Å–ø–∞—Å–∏–±–æ –±–æ–ª—å—à–æ–µ –ú–∞–∫—Å, –ú–∞–∫—Å, –ø—Ä–∏–≤–µ—Ç –µ—â–µ —Ä–∞–∑, –µ—Å–ª–∏ —è —Ç–µ–±–µ —Å–∫–∏–Ω—É persist –∏ load, –º–æ–∂–µ—à—å –≥–ª—è–Ω—É—Ç—å? –£ –º–µ–Ω—è –ø–æ—á–µ–º—É-—Ç–æ –æ—à–∏–±–∫–∞ –≤—ã–ª–∞–∑–∏—Ç.."
–î–∞–≤–∞–π,"–í—Å–µ, –ú–∞–∫—Å, —è –∫–∞–∂–µ—Ç—Å—è —Ä–∞–∑–æ–±—Ä–∞–ª—Å—è, —Ç–µ—Å—Ç—ã –ø—Ä–æ—à–ª–∏, –±–ª–∞–≥–æ–¥–∞—Ä—é–ï—Å–ª–∏ –Ω–∏–∫–∞–∫–∏—Ö –æ—à–∏–±–æ–∫ –Ω–µ –≤—ã–ª–µ–∑–ª–æ, –∑–Ω–∞—á–∏—Ç –≤—Å–µ —Ö–æ—Ä–æ—à–æ –≤–µ–¥—å?"
–î–∞,"–û—Ç–ª–∏—á–Ω–æ, –ú–∞–∫—Å–∏–º, –ø—Ä–∏–≤–µ—Ç–ü–æ–¥—Å–∫–∞–∂–∏, –ø–æ–∂–∞–ª—É–π—Å—Ç–∞, –≤ —Ç—Ä–µ—Ç—å–µ–º –∑–∞–¥–∞–Ω–∏–∏, —á—Ç–æ–±—ã –ø–æ–ª—É—á–∏—Ç—å –ø—Ä–µ–¥–ª–æ–∂–µ–Ω–∏—è –¥–æ—Å—Ç–∞—Ç–æ—á–Ω–æ –ª–∏ —Å–ø–ª–∏—Ç–∏—Ç—å –ø–æ —Ç–æ—á–∫–µ?"
–ù–∞–≤–µ—Ä–Ω–æ –¥–∞,–¢—ã —Ç–∞–∫ –¥–µ–ª–∞–ª?
–î–ª—è —Ç–µ—Å—Ç–æ–≤ –¥–æ—Å—Ç–∞—Ç–æ—á–Ω–æ,–¢–æ –µ—Å—Ç—å —ç—Ç–æ–≥–æ –¥–æ—Å—Ç–∞—Ç–æ—á–Ω–æ –±—É–¥–µ—Ç?üòÇ
"–ê –Ω–∏–≥–¥–µ –≤–µ–¥—å –Ω–µ —Å–∫–∞–∑–∞–Ω–æ –Ω–∏—á–µ–≥–æ, –Ω–∞–≤–µ—Ä–Ω–æ –¥–æ—Å—Ç–∞—Ç–æ—á–Ω–æ )","–•–æ—Ä–æ—à–æ, –±–ª–∞–≥–æ–¥–∞—Ä—é !, –ú–∞–∫—Å–ê –º–æ–∂–µ—à—å –ø–æ–¥—Å–∫–∞–∑–∞—Ç—å –∫–∞–∫ 4 –¥–µ–ª–∞–µ—Ç—Å—è?"
–¢–∞–º –ø–æ –≤—Å–µ —Å—Å—ã–ª–∫–∞ –ø—Ä–æ–π—Ç–∏—Å—å –ø–æ–∏—Å–∫–æ–º –≤ —à–∏—Ä–∏–Ω—É,"–ú–∞–∫—Å–°–ª—É—à–∞–π –≤–æ—Ç —Ç—É—Ç –ø–∏—à–µ—Ç—Å—è self.images list of images met in a document. Again links can be relative. –ï—Å–ª–∏ –ª–∏–Ω–∫–∞ —É –Ω–∞—Å —Ä–µ–ª–∞—Ç–∏–≤–Ω–∞—è, –º—ã –¥–æ–±–∞–≤–ª—è–µ–º –ø—Ä–æ—Å—Ç–æ –ª–∏–Ω–∫—É –Ω–∞ –∫–æ—Ç–æ—Ä–æ–π –Ω–∞—Ö–æ–¥–∏–º—Å—è –≤–µ–¥—å?"
–î–∞,–•–æ—Ä–æ—à–æ
"–ó–∞–≤–æ–¥–∏—à—å –æ—á–µ—Ä–µ–¥—å, –ª–æ–∂–∏—à—å —Å–æ—É—Ä—Å —Ç—É–¥–∞ –ø–æ–∫–∞ –æ—á–µ—Ä–µ–¥—å –Ω–µ –ø—É—Å—Ç–∞, –¥–æ—Å—Ç–∞–µ—à—å –∏–∑ –æ—á–µ—Ä–µ–¥–∏ –¥–æ–∫, –≤—Å–µ –µ–≥–æ —Å—Å—ã–ª–∫–∏ –¥–æ–±–∞–≤–ª—è–µ—à—å –≤ –æ—á–µ—Ä–µ–¥—å, –µ—Å–ª–∏ –≥–ª—É–±–∏–Ω–∞ –Ω–µ –ø—Ä–µ–≤—ã—à–∞–µ—Ç –Ω—É–∂–Ω–æ–π, –∏ –ø–æ—Ç–æ–º —Å–Ω–æ–≤–∞ –ø—Ä–æ–¥–æ–ª–∂–∞–µ—à—å –∏—Ç–µ—Ä–∞—Ü–∏–∏","–°–ª–æ–∂–Ω–µ–Ω—å–∫–æ –æ–¥–Ω–∞–∫–æ, –ú–∞–∫—Å–∏–º–ê –≤–æ—Ç –∫–∞–∫ –ø—Ä–æ–≤–µ—Ä—è—Ç—å –Ω–µ –ø—Ä–µ–≤—ã—à–∞–µ—Ç –ª–∏ –≥–ª—É–±–∏–Ω–∞ –Ω—É–∂–Ω–æ–π?"
"–°–æ—É—Ä—Å —ç—Ç–æ –≥–ª—É–±–∏–Ω–∞ 0, –≤—Å–µ –∏—Å—Ö–æ–¥—è—â–∏–µ –∏–∑ —Å–æ—É—Ä—Å–∞ –ª–∏–Ω–∫–∏ –±—É–¥—É—Ç –∏–º–µ—Ç—å –≥–ª—É–±–∏–Ω—É 1 –∏ —Ç.–¥.","    –° –ø–æ–¥–æ–±–Ω—ã–º –Ω–µ –≤—Å—Ç—Ä–µ—á–∞–ª—Å—è?,     –° –ø–æ–¥–æ–±–Ω—ã–º –Ω–µ –≤—Å—Ç—Ä–µ—á–∞–ª—Å—è?,     –£ –º–µ–Ω—è —Ç—É–¥–∞ –∑–∞—à–ª–æ, –Ω–æ —Å—Ç–∞—Ç—É—Å –∫–æ–¥ 301,     –£ –º–µ–Ω—è —Ç—É–¥–∞ –∑–∞—à–ª–æ, –Ω–æ —Å—Ç–∞—Ç—É—Å –∫–æ–¥ 301"
–Ø –≤ try –∑–∞—Å—É–Ω—É–ª –ø–æ–ª—É—á–µ–Ω–∏–µ htmldocument,"–≠—Ç–æ –≤ download?, –ü—Ä–æ—Å—Ç–æ –±—É–¥—É –ø—Ä–æ–≤–µ—Ä—è—Ç—å 301 –ª–∏ –∫–æ–¥"
–î–∫ —É —Ç–µ–±—è –∂–µ –æ—à–∏–±–∫–∞ –≤—ã–∫–∏–¥—ã–≤–∞–µ—Ç—Å—è FileNotFoundError. –ü—Ä–æ—Å—Ç–æ –ø—Ä–æ–ø—É—Å–∫–∞–µ—à—å –¥–æ–∫—É–º–µ–Ω—Ç —ç—Ç–æ—Ç –∏ –≤—Å–µ,–¢–æ –µ—Å—Ç—å –≤—ã–∫–∏–¥—ã–≤–∞—é –µ–≥–æ –∏–∑ —Å–ø–∏—Å–∫–∞?
–î–∞,"–°–ø–∞—Å–∏–±–æ, –ú–∞–∫—Å"
–ë–µ–∑ –ø—Ä–æ–±–ª–µ–º,"    –õ–æ–ª, —É —Ç–µ–±—è –µ—Å—Ç—å –∏–Ω–Ω–æ–ø–æ–ª–∏—Å?,     –õ–æ–ª, —É —Ç–µ–±—è –µ—Å—Ç—å –∏–Ω–Ω–æ–ø–æ–ª–∏—Å?, –£ —Ç–µ–±—è –≤ —Ç–æ–ø–µ, –ú–∞–∫—Å?"
"–î–∞ –≤–∏–¥–∞—Ç—å, –∞—Å—Å–µ—Ä—Ç–∞ –Ω–µ –≤—ã–∫–∏–¥—ã–≤–∞–ª–æ","–ü–æ–¥—Å–∫–∞–∂–∏, –∑–¥–µ—Å—å –∂–µ –≤—Å–µ –ø—Ä–∞–≤–∏–ª—å–Ω–æ?,     –í—Ä–æ–¥–µ –¥–∞,     –í—Ä–æ–¥–µ –¥–∞, –Ω–∞ —Ñ–æ—Ç–æ—á–∫–µ"
—è —á–µ—Ä–µ–∑ —Ä–µ–≥—É–ª—è—Ä–∫—É —Å–¥–µ–ª–∞–ª,—Ç—ã –∏–º–ø–æ—Ä—Ç–∏–ª?
—Ç–∞–º –∂–µ —Ä–∞–∑–¥–µ–ª–∏—Ç–µ–ª–µ–º –º–æ–∂–µ—Ç –±—ã—Ç—å –Ω–µ —Ç–æ–ª—å–∫–æ –ø—Ä–æ–±–µ–ª,re
–¥–∞,—Ä–µ–≥—É–ª—è—Ä–∫—É
"–æ–Ω –≤—Ä–æ–¥–µ –ø—Ä–æ—Å–∏–ª –Ω–µ —Å–∫–∏–¥—ã–≤–∞—Ç—å —Å—Å—ã–ª–∫—É –Ω–∞ colab, –∞ —Å–∫–∏–¥—ã–≤–∞—Ç—å –æ–±—ã—á–Ω—ã–º .ipynb","–∞–∞, —Ö–æ—Ä–æ—à–æ"
–£ —Ç–µ–±—è –∫—Ç–æ —Å—É–ø–µ—Ä–≤–∞–π–∑–µ—Ä –¥–ª—è –ø—Ä–æ–µ–∫—Ç–∞?,–õ—É–∏–∑
–ö–∞–∫–æ–π –ø—Ä–æ–µ–∫—Ç?,–ë–∏–æ–¥–∏–Ω–∞–º–æ
–®–æ —ç—Ç–æ —Ç–∞–∫–æ–µ?,–î–æ–ª–≥–æ —Ä–∞—Å—Å–∫–∞–∑—ã–≤–∞—Ç—å
–°–∫–æ–ª—å–∫–æ —á–µ–ª–æ–≤–µ–∫ –≤ –∫–æ–º–∞–Ω–¥–µ?,5 –¥–æ–ª–∂–Ω–æ –±—ã—Ç—å
–î–∞ –º—ã —Å—É–ø–µ—Ä–≤–∞–π–∑–µ—Ä–∞ –≤—Å–µ –∏—â–µ–º,"–ù–∞–ø–∏—à–∏ –ú–∞—Ü—Ü–∞—Ä–µ, –º–æ–∂–µ—Ç –ø—Ä–∏–º—É—Ç –µ—â–µ, Max"
–ó–¥–∞—Ä–æ–≤,–¢—ã –Ω–∞ –ø–∞—Ä–µ ?
–î–∞,–õ–∏—Å—Ç–æ—á–µ–∫ –±—ã–ª?
"–ù–µ—Ç, –Ω–µ –±—ã–ª–æ –≤—Ä–æ–¥–µ",–ï—Å–ª–∏ –±—É–¥–µ—Ç –æ—Ç–º–µ—Ç—å –ø–ª–∑
"–û–∫, –±–µ–∑ –ø—Ä–æ–±–ª–µ–º",–°–ø–∞—Å–∏–±–æ
"–¢—É—Ç –≤ –æ–±—â–µ–º, –æ—Å—Ç–∞–ª–æ—Å—å 15 —á–µ–ª–æ–≤–µ–∫, –∏ —Ñ–∏–ª–æ—Å–æ—Ñ —Å–∞–º –∑–∞–ø–∏—Å–∞–ª, –Ω–æ —Å–∫–∞–∑–∞–ª –Ω–µ–ø—Ä–∏—Å—É—Ç—Å—Ç–≤–∏–µ –Ω–µ –ø–æ–≤–ª–∏—è–µ—Ç –Ω–∏ –Ω–∞ —á—Ç–æ","–∞–∞, –ª–∞–Ω, –Ω–æ—Ä–º"
–Ø —Ö–æ—Ç–µ–ª —Ç–∞–º –ª–µ–≤—ã—Ö –≤—ã—á–µ—Ä–∫–Ω—É—Ç—å –∏ –≤–ø–∏—Å–∞—Ç—å –í–∞—Å,"–∞—Ö–∞—Ö–∞—Ö, –ú–∞–∫—Å –ü–æ–ø–æ–≤"
–ß–µ,—Ç—ã –≥–¥–µ)
–Ø –∏–¥—É,Ti pidor
NOoooooo,"–¥—É–º–∞—é –≤–æ—Ç, –∏–¥—Ç–∏ –Ω–∞ —Ñ—É—Ç–±–æ–ª –∏–ª–∏ –Ω–µ—Ç"
Docs,—Ç—ã —á–µ–≥–æ –ú–∞–∫—Å–æ—Å
"–î–∫ –¥–∞, —è —Ç–∞–∫ –ø–æ –ø—Ä–∏–∫–æ–ª—É –ø—Ä–æ–≥–æ–ª–æ—Å–æ–≤–∞–ª, –ù–∞–¥–æ –æ—Ç–¥–µ–ª—å–Ω—É—é –∫–æ–º–∞–Ω–¥—É –∑–∞—Ä–µ–≥–∞—Ç—å –º–æ–∂–µ—Ç –Ω–∞ —Ç—É—Ä–Ω–∏—Ä—á–∏–∫","–ú–∞–∫—Å !, —Ç—ã —Å–¥–µ–ª–∞–ª —Å–µ—Ç–∏ ?"
–î–∞,–í–æ–≤—Ä–µ–º—è)))
–Ø —É–µ–∑–∂–∞–ª –±—ã–ª–æ –Ω–∞ –≤—ã—Ö–æ–¥–Ω—ã–µ,–ö—É–¥–∞ !!!
–î–æ–º–æ–π,"–Ω–µ —Ö–æ—á—É ), –ú–∞–∫—Å"
"–ú–µ—à–æ–∫, —ç—Ç–æ –î–∞–Ω–∏—Å?",–∫—Ç–æ –µ—â–µ
"–•–∞, –ª–∞–¥–Ω–æ, –¥–æ—Ä–æ–≥–æ–π","–°–ø–∞—Å–∏–±–æ, –º–∏–ª—ã–π"
–ï—Å–ª–∏ –ª–∞–±–∞ –∑–∞–∫–æ–Ω—á–∏—Ç—å—Å—è —É—Å–ø–µ–µ—Ç,—É —Ç–µ–±—è –∫–æ–≥–¥–∞ –ª–∞–±–∞ ?
–ò–¥–µ—Ç —Å–µ–π—á–∞—Å,"–∞–∞–∞, —Ç–∞–∫ —É —Ç–µ–±—è –∫–∞–∫ —É –Ω–µ–≥–æ –∑–∞–∫–∞–Ω—á–∏–≤–∞–µ—Ç—Å—è)"
–•–∞,"–ø—Ä–∏–¥–µ—Ç—Å—è –±–µ–∑ –≤–∞—Å –∏–¥—Ç–∏, —Ç—ã –≥–¥–µ ?"
"–ò–¥—É, –ü—Ä–∏–≤–µ—Ç, –¥–æ—Ä–æ–≥–æ–π. –° –î–Ω—ë–º –°–≤—è—Ç–æ–≥–æ –í–∞–ª–µ–Ω—Ç–∏–Ω–∞ —Ç–µ–±—è!üòÇ","–°–ø–∞—Å–∏–±–æ, –¥–æ—Ä–æ–≥–∞—è, —Ç–µ–±—è —Ç–æ–∂–µ !"
–ö—É–¥–∞ —Ç—ã —É–µ—Ö–∞–ª?,–î–æ–º–æ–π
–ù–æ—Ä–º–∞—Å,–Ø –∂–µ –≤ –ø—Ç –Ω–µ —É—á—É—Å—å)
–ê —Ç–æ—á–Ω–æ,–ù—É –Ω–µ —Å—á–∏—Ç–∞—è –ø—Ä–æ–±—Å—Ç–∞—Ç–∞
"–î–∫ —ç—Ç–æ, —É–∂–∏–Ω —Ç–æ –æ—Ç–¥–∞–ª –±—ã –º–µ—à–∫—É",–°–µ–≥–æ–¥–Ω—è –Ω–∞ —Ñ—É—Ç–±–æ–ª–µ –±–µ–∑ –º–µ–Ω—è –ø—Ä–∏–¥—ë—Ç—Å—è —Ç–∞—â–∏—Ç—å —Ç–µ–±–µ
–ü—Ä–∏–¥—ë—Ç—Å—è —Ç–∞—â–∏—Ç—å,–ù–∞ —Ç–æ –æ–Ω –∏ –º–µ—à–æ–∫
–ù–µ—Ç,"–û—Ç–≤–µ—Ç—ã !!!, –ú–∞–∫—Å, —Ç—ã –Ω–∞ –ª–∞–±–µ –±—ã–ª?"
–ù–µ—Ç,–¢—ã —Å–¥–µ–ª–∞–ª –ª–∞–±—É –ø–æ —Å–µ—Ç—è–º ?)
–ù–µ—Ç –µ—â–µ,–ú–∞–∫—Å–æ–Ω
–ù–µ –¥–µ–ª–∞–ª –µ—â–µ,–ö–∞–∫ —Ç–∞–∫ !
–î–∞ —è –∑–∞–≤—Ç—Ä–∞ —Å–¥–µ–ª–∞—é,"–ö—Ä–∞—Å–∞–≤—á–∏–∫, –∏–¥–µ—à—å —á—Ç–æ –ª–∏ –Ω–∞ —Ñ—É—Ç–±–æ–ª"
–î–∞,–º–æ–∂–µ—Ç –Ω–µ –Ω–∞–¥–æ
–ó–∞—á–µ–º?,–Ω–µ –∑–Ω–∞—é
–ù–µ—Ç,)
"–ü–æ—à–ª–∏ –¥–∞–≤–∞–π –Ω–∞ —Ñ—É—Ç–±–æ–ª, –¥–µ–≤–æ—á–∫–∞",–∞—Ö–∞—Ö–∞—Ö
–ß–µ —Ç—ã –º–∏–Ω—É—Å —Ç–æ –ø–æ—Å—Ç–∞–≤–∏–ª,—Å–ø–∏–Ω–∞
–ü–æ–Ω—è—Ç–Ω–æ,"—á–µ—Ç –≤ –≤–æ—Å–∫—Ä–µ—Å–µ–Ω—å–µ —Å—Ç—Ä–∞—à–Ω–æ –±—ã–ª–æ –∏–≥—Ä–∞—Ç—å, –∏–¥—Ç–∏ –∏–ª–∏ –Ω–µ—Ç ???, –ú–∞–∫—Å–∏–º –ü–æ–ø–æ–≤ !, –ú–∞–∫—Å–∏–∏–∏–º, —Ç—ã –Ω–µ —Å–¥–µ–ª–∞–ª –ª–∞–±—É –µ—â–µ ?"
–ù–µ–µ,–ö–æ–≥–¥–∞ –¥–µ–ª–∞—Ç—å —Ç–æ –±—É–¥–µ—à—å
–©–∞,"—Å–∫–∏–Ω–µ—à—å –º–Ω–µ !, –ü–æ–∂–∞–ª—É–π—Å—Ç–∞), –ú–∞–∫—Å, —Ç—ã –Ω–µ —Å–¥–µ–ª–∞–ª?)"
–î–æ–¥–µ–ª—ã–≤–∞—é,"–æ–ø–∞, —Ö–æ—Ä–æ—à–∞—è –∏–Ω—Ñ–∞, –±—Ä–∞—Ç–µ—Ü, –ú–∞–∞–∞–∫—Å"
"–î–∞ –Ω–µ–ø—Ä–∞–≤–∏–ª—å–Ω–æ —Ä–∞–±–æ—Ç–∞–µ—Ç —á–µ—Ç, –Ω–µ –æ—Ç—Å—ã–ª–∞–µ—Ç—Å—è –Ω–∏—á–µ–≥–æ, –∫–æ–≥–¥–∞ –Ω–∞ –≤–∏—Ä—Ç—É–∞–ª–∫–∞—Ö –∑–∞–ø—É—Å–∫–∞—é","–±–ª–µ–∞, –≥–æ—Ç–æ–≤ ?))"
–ì–æ—Ç–æ–≤,"–¥–∞–≤–∞–π, —Ç–∞—â–∏ !!!"
–ü–æ—Å—Ç–∞—Ä–∞–µ–º—Å—è,"–æ—Ç–ø–∏—à–∏ –ø–æ—Ç–æ–º, –∫–∞–∫ —Å—ã–≥—Ä–∞–ª–∏"
"–û–∫, 8:5",–ö—Ä–∞—Å–∞–≤—Ü—ã!
–ß–∏—Å—Ç–æ –±–µ–∑ –∑–∞–º–µ–Ω –∑–∞—Ç–∞—â–∏–ª–∏,–ú—É–∂–∏–∫–∏ –ø—Ä–æ—Å—Ç–æ
"–ú—ã –∑–∞–¥–∞–≤–∏–ª–∏ –∏—Ö –≤ –∫–æ–Ω—Ü–µ, –¢—ã –ø—Ä–∏–µ—Ö–∞–ª?","–ù–µ—Ç –µ—â—ë, —è –≤–æ–æ–±—â–µ –ø–æ–∑–¥–Ω–æ –≤–µ—Ä–Ω—É–ª—Å—è"
–ø–æ–π–¥–µ—à—å —Å–µ–≥–æ–¥–Ω—è?,"–ù–µ—Ç, —è —É –≤—Ä–∞—á–∞ –±—ã–ª"
"–ú–µ—à–æ–∫, —á–µ —Å–∫–∞–∑–∞—Ç—å",–¢—ã –≤ —Å–ø–æ—Ä—Ç–∫–æ–º–ø–ª–µ–∫—Å–µ?
–î–∞,)))))
–î–∞–Ω–∏—Å —Ç–∞–º,"–î–∞, –∑–Ω–∞—é"
–ê —Ç—ã —á–µ —Ö–æ—Ç–µ–ª —Ç–æ?,"–Ω—É –ø—Ä–æ—Å—Ç, –ø–æ—à–µ–ª –ª–∏ —Ç—ã –Ω–∞ —Ñ—É—Ç–±–æ–ª)"
–î–∞ –±—ã–ª,–∫–æ–º–∞–Ω–¥–æ–π –∏–≥—Ä–∞–ª–∏ ?
–î–∞,–∏ –∫–∞–∫ ?
–ù–æ—Ä–º–∞–ª—å–Ω–æ,"–Ω—É –≤–æ–æ–±—â–µ –∏–º–µ—é –≤ –≤–∏–¥—É, —Å—ã–≥—Ä–∞–Ω–Ω–æ—Å—Ç—å –µ—Å—Ç—å ?"
–ï—Å—Ç—å,—ç—Ç–æ —Ö–æ—Ä–æ—à–æ
"–î–∫ –æ–Ω –ø–æ –±—É–¥–Ω—è–º –º–æ–∂–µ—Ç, –∞ –ø–æ –≤—ã—Ö–æ–¥–Ω—ã–º –Ω–µ—Ç",—è –ø—Ä–æ —Å—ã–≥—Ä–∞–Ω–Ω–æ—Å—Ç—å)
"–ê–∞–∞, –Ω–æ—Ä–º–∞–ª—å–Ω–æ, —É –Ω–∞—Å –†–∞–≤–∏–ª—å —Å–≤—è–∑—É—é—â–∞—è —Å–æ—Å—Ç–∞–≤–ª—è—é—â–∞—è, —É –Ω–µ–≥–æ –ø–∞—Å –∏ —É–¥–∞—Ä –µ—Å—Ç—å","–≥–ª–∞–≤–Ω–æ–µ, —á—Ç–æ–±—ã –±–µ–≥–∞–ª –∏ –ø—Ä–µ—Å—Å–∏–Ω–≥–æ–≤–∞–ª –≤—Å–µ, —á—Ç–æ –¥–≤–∏–∂–µ—Ç—Å—è"
"–û–Ω –Ω–∞ –∏–≥—Ä–µ —Å–µ—Ä—å–µ–∑–Ω—ã–º —Å—Ç–∞–Ω–æ–≤–∏—Ç—Å—è, –≤ –ø—Ä–æ—à–ª–æ–π –∏–≥—Ä–µ –≤–æ–æ–±—â–µ –≤—Å–µ –∂–µ—Å—Ç–∫–æ –±–µ–≥–∞–ª–∏, –≤–æ –≤—Ç–æ—Ä–æ–π –ø–æ–ª–æ–≤–∏–Ω–µ –Ω–∏—á–µ –Ω–µ –¥–∞–≤–∞–ª–∏ —Å–¥–µ–ª–∞—Ç—å –ø—Ä–æ—Ç–∏–≤–Ω–∏–∫—É –∏ –º—è—á –∫–æ–Ω—Ç—Ä–æ–ª–∏–ª–∏","—Ö–æ—Ä–æ—à–æ, –ú–∞–∫—Å, —Ç—ã —Å–¥–µ–ª–∞–ª –≤—É–º–ø—É—Å–∞ ?"
"–ù–µ—Ç –µ—â—ë, –î–∏—Å–∫–∞ —Å–¥–µ–ª–∞–ª",—ç—Ç–æ –∑–Ω–∞–µ–º))
–ù–µ—Ç –µ—â–µ,"–ù–µ—Ç, —Ö–æ—Ç–µ–ª –±—ã —É–≤–∏–¥–µ—Ç—å)))"
–Ø —Ç–æ–∂–µ,"–ß–µ—Ç –ø–æ–∫–∞ —É –º–µ–Ω—è –Ω–∏—Ö—É—è –Ω–µ –ø–æ–ª—É—á–∞–µ—Ç—Å—è), –ú–∞–∫—Å–∏–∫)"
"–Ø –Ω–µ–¥–æ–∫–æ–Ω—Ü–∞ —Å–¥–µ–ª–∞–ª, –∏ –≤—Ä–æ–¥–µ –Ω–µ —Ç–∞–∫ –∫–∞–∫ –ø—Ä–µ–¥–ø–æ–ª–∞–≥–∞–µ—Ç—Å—è, –Ω–æ –µ—Å–ª–∏ –•–∞–º–Ω–∞ –±—É–¥–µ—Ç —á–µ–∫–∞—Ç—å, —Ç–æ –ø–æ—Ñ–∏–≥ –Ω–∞–≤–µ—Ä–Ω–æ, –∑–∞–≤—Ç—Ä–∞ —Å–æ–±–∏—Ä–∞—é—Å—å –¥–æ–¥–µ–ª–∞—Ç—å, —Å–µ–≥–æ–¥–Ω—è —Å—Ç–∞—Ç–∏—Å—Ç–∏–∫—É –¥–µ–ª–∞—é","–ê, –ø–æ–º–æ–∂–µ—à—å –º–Ω–µ ?:)"
–° —á–µ–º?,–° –≤—É–º–ø—É—Å–æ–º))
"–ù—É —Ç–∞–∫–æ–µ, —è –∫–∞–∫ –±—ã —Å–∞–º –Ω–µ –æ—Å–æ–±–æ –ø—Ä–∞–≤–∏–ª—å–Ω–æ —Å–¥–µ–ª–∞–ª, –Ω–æ —Ç—ã —Å–ø—Ä–∞—à–∏–≤–∞–π —á–µ-–Ω–∏–±—É–¥—å","–ú–Ω–µ –Ω—É–∂–Ω–∞ –º–∞–∫—Å–∏–º–∞–ª—å–Ω–∞—è –ø–æ–º–æ—â—å üòÇ, –û–ø–∞, —Å–ø–∞—Å–∏–±–æ –±–æ–ª—å—à–æ–µ, –±—Ä–∞—Ç–∫–∞ üíû, –ú–∞–∞–∞–∫—Å, —Å–ª—É—à–∞–π"
–ù–æ —Ç–∞–º –Ω–µ—Ç –≤—ã—Å—Ç—Ä–µ–ª–æ–≤ –∏ –≤—Å—è–∫–æ–π —Ç–∞–∫–æ–π –∫–∞–Ω–∏—Ç–µ–ª–∏,"–¥–∞, —è –ø–æ–Ω—è–ª, –∏ —Ç–∞–∫ —Å–ø–∞—Å–∏–±–æ –±–æ–ª—å—à–æ–µ)"
üëç,"–µ—Å–ª–∏ —á—Ç–æ —Å–∞–º –æ–±—Ä–∞—â–∞–π—Å—è, –≤—Å–µ–≥–¥–∞ –ø–æ–º–æ–≥—É üòò"
–ï–µ–µ,"–∞ –±–ª—è, —Ç–æ—á–Ω–æ, —Ç–µ–±—è —Ç–æ–∂–µ, –º–∏–ª–∞—è !"
"–°—Ç–µ–ø–∏–∫ —Ä–µ—à–∞—é, –≤ –∫–Ω–∏–≥–µ —Ç–µ–æ—Ä–∏—é —Å–º–æ—Ç—Ä—é","–æ–∫–µ–π, –ø–æ–Ω—è–ª)"
"–£ —Ç–µ–±—è –µ—Å—Ç—å –ø–µ—Ä–≤—ã–µ –¥–≤–∞ –∑–∞–¥–∞–Ω–∏—è –ø–æ –ê–ò, –µ—Å–ª–∏ –¥–∞, –Ω–µ –º–æ–≥ –±—ã —Å–∫–∏–Ω—É—Ç—å? –ù–µ–æ—Ö–æ—Ç–∞ —Å –Ω—É–ª—è –ø–∏—Å–∞—Ç—å","–°–∫–∏–Ω—É, –∫–∞–∫ –≤–µ—Ä–Ω—É—Å—å –¥–æ–º–æ–π"